feature	metadata	value	coef	stderr	N	N.not.0	pval	qval
GO.0034660.amino.acid.activation	case	Control_Healthy	0.00398172871806532	0.000636300032099015	141	133	6.14163451808572e-09	9.20765786095924e-07
GO.0016740.scavenger.receptor.activity	case	Control_Sick	0.00907534223502896	0.00146923045409257	141	135	1.00064045547641e-08	9.20765786095924e-07
GO.0140098.galactoside.binding	case	Control_Healthy	0.00288501776854517	0.000469003883548639	141	134	1.19064541305507e-08	9.20765786095924e-07
GO.0043170.macromolecule.metabolic.process	case	Control_Healthy	0.00558945120068264	0.000911266935363461	141	136	5.97528405423544e-08	3.46566475145656e-06
GO.0016070.cellular.response.to.dsRNA	case	Control_Healthy	0.00412331534388263	0.000725339460622644	141	135	8.99533076064568e-08	4.1738334729396e-06
GO.0019538.non.reproductive.fruiting.body.development	case	Control_Healthy	0.00139988319252243	0.000264455103219117	141	134	6.07587781376205e-07	2.34933942132133e-05
GO.0016740.scavenger.receptor.activity	case	Control_Healthy	0.0073595746690253	0.00153278990869697	141	135	4.68849808279962e-06	0.000135966444401189
GO.0043168.deaminase.activity	case	Control_Healthy	0.00185891549580183	0.00038356575609506	141	137	4.14767688645262e-06	0.000135966444401189
GO.1901362.organic.cyclic.compound.biosynthetic.process	case	Control_Healthy	-0.00291085054039494	0.000634473665526301	141	138	1.15577378909297e-05	0.000243763199154154
GO.0044260.cellular.macromolecule.metabolic.process	case	Control_Healthy	0.0028504318937123	0.000617485409242775	141	135	9.70612073339628e-06	0.000243763199154154
GO.0003676.dynein.light.intermediate.chain.binding	case	Control_Sick	-0.00297445658832181	0.000638110179893359	141	138	1.12069878971448e-05	0.000243763199154154
GO.0065007.biological.regulation	case	Control_Healthy	0.00274794675694974	0.000609926094675277	141	134	1.54345837738398e-05	0.000298401952960903
GO.0003677.alcohol.dehydrogenase..acceptor..activity	case	Control_Sick	-0.0022250288358491	0.000479519915761685	141	136	2.25202330236461e-05	0.000401899543191222
GO.0016772.virus.receptor.activity	case	Control_Sick	0.00547552628972925	0.00124877545911277	141	133	2.56591406719973e-05	0.00042520861685024
GO.0009987.cellular.process	case	Control_Healthy	0.00606211765075703	0.00140375854234766	141	138	3.00129537909339e-05	0.000450447447330131
GO.0050794.regulation.of.cellular.process	case	Control_Healthy	0.00233509674948476	0.000540370386498515	141	134	3.10653411951814e-05	0.000450447447330131
GO.0090304.regulation.of.myoblast.differentiation	case	Control_Healthy	0.003677832114703	0.000853140559954073	141	135	3.45114758106523e-05	0.000470980140474785
GO.0050789.regulation.of.biological.process	case	Control_Healthy	0.00232282260535372	0.000551478014567575	141	134	4.78730068173322e-05	0.000617029865645614
GO.0044260.cellular.macromolecule.metabolic.process	case	Control_Sick	0.0023717190981846	0.000587164980722938	141	135	9.50004770630896e-05	0.00110200553393184
GO.0016829.apolipoprotein.binding	case	Control_Healthy	-0.0046434791641637	0.00114320766944079	141	135	9.07874438057269e-05	0.00110200553393184
GO.0016779.isobutyryl.CoA.mutase.activity	case	Control_Sick	0.00382821303269079	0.000990540807319018	141	130	0.000182038433029771	0.00201109126013842
GO.0034645.negative.regulation.of.cell.activation	case	Control_Sick	0.00179341904662508	0.000469919715391727	141	134	0.00023065917780256	0.00243240587500881
GO.0044281.small.molecule.metabolic.process	case	Control_Healthy	-0.00432479307172352	0.00114887954417397	141	137	0.000273336630129789	0.0027269729537431
GO.0044283.small.molecule.biosynthetic.process	case	Control_Healthy	-0.00454054554998065	0.00120726159837127	141	135	0.000282100650387217	0.0027269729537431
GO.0009987.cellular.process	case	Control_Sick	0.00490517376241223	0.0013291478053415	141	138	0.000322798753809981	0.00298508618268268
GO.0009059.phenol.containing.compound.metabolic.process	case	Control_Sick	0.00174506891351392	0.000470454549643096	141	134	0.000334535520473059	0.00298508618268268
GO.0019438.aromatic.compound.biosynthetic.process	case	Control_Healthy	-0.00205129418355809	0.000557301895332883	141	138	0.000365595794594	0.00302922229806457
GO.0044262.cellular.carbohydrate.metabolic.process	case	Control_Sick	0.00242111537928853	0.000659088811294613	141	127	0.000359220056255982	0.00302922229806457
GO.0019438.aromatic.compound.biosynthetic.process	case	Control_Sick	-0.00193817064448171	0.000489236015344053	141	138	0.000392362736918356	0.00313890189534685
GO.1901566.organonitrogen.compound.biosynthetic.process	case	Control_Healthy	-0.00298167246539603	0.000826078999877227	141	137	0.000457961054720762	0.00342732144178119
GO.0006139.response.to.ionizing.radiation	case	Control_Healthy	0.00320523708473765	0.000888698943546073	141	136	0.000457662499875343	0.00342732144178119
GO.0043168.deaminase.activity	case	Control_Sick	0.00131165599962554	0.000364862236227383	141	137	0.000493570553099907	0.00357838650997432
GO.0034641.cellular.nitrogen.compound.metabolic.process	case	Control_Healthy	0.0033501785869429	0.000952121804482971	141	137	0.000608616713217259	0.00416010422845305
GO.0006793.phosphorus.metabolic.process	case	Control_Sick	0.00168895317381877	0.000479550244605205	141	133	0.000609670447273291	0.00416010422845305
GO.0006796.superoxide.metabolic.process	case	Control_Sick	0.00165922836289781	0.000478993633321328	141	133	0.000742142997290295	0.00491934786775281
GO.1901265.serine.hydrolase.activity	case	Control_Healthy	0.00189155424026774	0.000563314049202345	141	137	0.00109164410021209	0.0068449035472758
GO.0000166.oxidoreductase.activity..acting.on.the.aldehyde.or.oxo.group.of.donors..disulfide.as.acceptor	case	Control_Healthy	0.00189155424026774	0.000563314049202345	141	137	0.00109164410021209	0.0068449035472758
GO.0036094.polyamine.binding	case	Control_Healthy	0.0020228953764724	0.000606341712810289	141	137	0.00116223870645086	0.0070957731551737
GO.0006082.organic.acid.metabolic.process	case	Control_Sick	-0.00392498931093549	0.00107758748054325	141	136	0.00123841999422424	0.00718283596650061
GO.0044249.cellular.biosynthetic.process	case	Control_Healthy	-0.00442456822872432	0.00133814511250672	141	138	0.00123748307082885	0.00718283596650061
GO.0044281.small.molecule.metabolic.process	case	Control_Sick	-0.00354694453845147	0.00107601738905991	141	137	0.00146567769422082	0.00723483457572832
GO.0043170.macromolecule.metabolic.process	case	Control_Sick	0.00297115548375491	0.000856627066029187	141	136	0.00131198512352131	0.00723483457572832
GO.1901576.organic.substance.biosynthetic.process	case	Control_Healthy	-0.00436724686901645	0.00133520875605783	141	138	0.0013915219336935	0.00723483457572832
GO.0043436.oxoacid.metabolic.process	case	Control_Sick	-0.00390016718292997	0.00107803945095903	141	136	0.00133296700199617	0.00723483457572832
GO.0019752.chromatin.maintenance	case	Control_Sick	-0.00390162765869774	0.00108091961992521	141	136	0.00137044013813853	0.00723483457572832
GO.1901265.serine.hydrolase.activity	case	Control_Sick	0.00175597308814142	0.000536097517722724	141	137	0.00144100195203329	0.00723483457572832
GO.0000166.oxidoreductase.activity..acting.on.the.aldehyde.or.oxo.group.of.donors..disulfide.as.acceptor	case	Control_Sick	0.00175597308814142	0.000536097517722724	141	137	0.00144100195203329	0.00723483457572832
GO.0034660.amino.acid.activation	case	Control_Sick	0.00195437288006156	0.000603167994688161	141	133	0.00155793889385077	0.00753003798694537
GO.0044238.primary.metabolic.process	case	Control_Healthy	0.00264241496662132	0.000827579239250891	141	138	0.00174461237682701	0.00826020553926256
GO.0005975.carbohydrate.metabolic.process	case	Control_Sick	0.00213244676038467	0.000677859295918984	141	132	0.00210898024243409	0.00978566832489417
GO.0019538.non.reproductive.fruiting.body.development	case	Control_Sick	0.000774670737346809	0.000250717742663221	141	134	0.00255016696163993	0.0116007595117738
GO.0036094.polyamine.binding	case	Control_Sick	0.00177111355943432	0.000577394628547442	141	137	0.00274400969913402	0.012242504811521
GO.0008652.cholesterol.transport	case	Control_Healthy	-0.00238688550277131	0.000788788190605156	141	134	0.0029768513183986	0.0130307453937448
GO.0044877.extracellular.matrix.structural.constituent	case	Control_Healthy	0.000358009074627899	0.000118460748022306	141	124	0.00308493987270021	0.0132538157493787
GO.0016835.catalytic.activity..acting.on.a.tRNA	case	Control_Sick	-0.00106827414253135	0.000323435941342616	141	131	0.00335243095330814	0.0141411632939543
GO.0008652.cholesterol.transport	case	Control_Sick	-0.00199170120376153	0.00066799941791853	141	134	0.00343201353879616	0.0142183418035841
GO.0046483.heterocycle.metabolic.process	case	Control_Healthy	0.00258711221106814	0.000874964465957738	141	137	0.00373074299059727	0.015184778488045
GO.0016836.cyanate.hydratase.activity	case	Control_Sick	-0.00104464777571129	0.000324602799836225	141	131	0.00411889523083722	0.0164755809233489
GO.0044283.small.molecule.biosynthetic.process	case	Control_Sick	-0.00330063076459396	0.00113422114040215	141	135	0.00471539540238432	0.0185418937856468
GO.0016053.endodermal.cell.differentiation	case	Control_Healthy	-0.00355617414424323	0.00120219942434943	141	135	0.00481397972625687	0.0185613961624477
GO.0046394.1.butanol.metabolic.process	case	Control_Healthy	-0.00355119112099968	0.00120213600024292	141	135	0.00488036709443668	0.0185613961624477
GO.0006520.positive.regulation.of.superoxide.dismutase.activity	case	Control_Sick	-0.00219655141567785	0.000657635124667542	141	136	0.00497307135334219	0.0186089121608933
GO.0016835.catalytic.activity..acting.on.a.tRNA	case	Control_Healthy	-0.0010578585273511	0.000370899383434344	141	131	0.00527100628909001	0.0194106898264902
GO.0009072.myo.inositol.hexakisphosphate.metabolic.process	case	Control_Sick	-0.00103655662313792	0.000345559140369522	141	131	0.00574893901768071	0.0208399039390926
GO.0016836.cyanate.hydratase.activity	case	Control_Healthy	-0.00104164796231238	0.000371379576686135	141	131	0.00606118422938902	0.0216337652495116
GO.0046417.signal.transduction.involved.in.mitotic.cell.cycle.checkpoint	case	Control_Sick	-0.00103757961780567	0.000347118501298341	141	93	0.0064284315196714	0.022259643471101
GO.0044877.extracellular.matrix.structural.constituent	case	Control_Sick	0.000316030673852345	0.000113771519942201	141	124	0.00637956813383629	0.022259643471101
GO.0009423.regulation.of.fucose.catabolic.process	case	Control_Sick	-0.00103182752065581	0.000344537190421892	141	93	0.0068466347614996	0.0233192980958314
GO.0009073.methanogenesis..from.acetate	case	Control_Sick	-0.0010269019122947	0.000348039707368844	141	130	0.00693548089919122	0.0233192980958314
GO.0009423.regulation.of.fucose.catabolic.process	case	Control_Healthy	-0.00105140928964069	0.00038172908151051	141	93	0.0073438855269089	0.0239969217217305
GO.0003677.alcohol.dehydrogenase..acceptor..activity	case	Control_Healthy	-0.00142343467444726	0.000520112996369108	141	136	0.00734041996016009	0.0239969217217305
GO.0006082.organic.acid.metabolic.process	case	Control_Healthy	-0.00327414725641711	0.0011969921306171	141	136	0.00756145783338977	0.0243646974631448
GO.0043436.oxoacid.metabolic.process	case	Control_Healthy	-0.00325274603754158	0.00119805733074585	141	136	0.00800162964580725	0.0246494234169569
GO.0043650.Malpighian.tubule.morphogenesis	case	Control_Sick	-0.00100164022735177	0.000334767426956639	141	132	0.00803928620825928	0.0246494234169569
GO.0043650.Malpighian.tubule.morphogenesis	case	Control_Healthy	-0.00102427719683734	0.000377267173633842	141	132	0.00807481111934794	0.0246494234169569
GO.0003855.6.7.dihydropteridine.reductase.activity	case	Control_Sick	-0.00101496949797029	0.000345700196332367	141	47	0.00785542711335022	0.0246494234169569
GO.0019752.chromatin.maintenance	case	Control_Healthy	-0.00324721190949795	0.00119976480314494	141	136	0.00821296962380931	0.0247455708145943
GO.0003855.6.7.dihydropteridine.reductase.activity	case	Control_Healthy	-0.00103544242824252	0.000382252342718386	141	47	0.00836597121432855	0.024883401560567
GO.0097367.lipoamide.binding	case	Control_Sick	0.000757329863306021	0.00028546415432732	141	134	0.00919729950528947	0.0270097909522425
GO.0097367.lipoamide.binding	case	Control_Healthy	0.000785920888548871	0.000299535361405411	141	134	0.00993223343338276	0.02880347695681
GO.0046417.signal.transduction.involved.in.mitotic.cell.cycle.checkpoint	case	Control_Healthy	-0.00100287971478325	0.000383486462622126	141	93	0.0106907231412666	0.0306203428243684
GO.0032553.imidazoleglycerol.phosphate.dehydratase.activity	case	Control_Sick	0.000729830843005265	0.000281743686205463	141	134	0.0109285078460655	0.0309196807352097
GO.0016053.endodermal.cell.differentiation	case	Control_Sick	-0.00342065477286772	0.00108370208041371	141	135	0.0113041972745845	0.031597274309682
GO.0046394.1.butanol.metabolic.process	case	Control_Sick	-0.00341241455431564	0.0010830892596306	141	135	0.0117233246390989	0.0323787061460826
GO.0043648.mitigation.of.host.defenses.by.symbiont	case	Control_Healthy	-0.000942385537399304	0.000371651965454593	141	132	0.012380333190392	0.0337910270608346
GO.0032553.imidazoleglycerol.phosphate.dehydratase.activity	case	Control_Healthy	0.000748755452914941	0.000295684026081709	141	134	0.0127476810550488	0.0343890930787362
GO.0016070.cellular.response.to.dsRNA	case	Control_Sick	0.00173134162690263	0.00068783172732516	141	135	0.0131564765343138	0.0350839374248369
GO.1901566.organonitrogen.compound.biosynthetic.process	case	Control_Sick	-0.00194293198278962	0.000780559806810038	141	137	0.0144401093142358	0.0380693791011672
GO.0006807.nitrogen.compound.metabolic.process	case	Control_Sick	-0.00231746081873431	0.000856351354229596	141	139	0.0149374198560508	0.0388453686369866
GO.0003674.energy.transducer.activity	case	Control_Healthy	-0.0151998857015189	0.00605682926755104	141	141	0.0150693240402103	0.0388453686369866
GO.0032555.GDP.D.glucose.phosphorylase.activity	case	Control_Sick	0.000686013311624386	0.000278553311131005	141	134	0.0153846183696378	0.03922232375556
GO.0017076.enoyl.CoA.hydratase.activity	case	Control_Healthy	0.000722038272746587	0.000294240663384709	141	134	0.0156999155166527	0.0395910913028633
GO.0051540.protein.transporter.activity	case	Control_Sick	-0.00337148712910786	0.00138508031347557	141	132	0.0162050468799002	0.0399954348525197
GO.0032555.GDP.D.glucose.phosphorylase.activity	case	Control_Healthy	0.000714054635196572	0.000292356566371935	141	134	0.0161818009158071	0.0399954348525197
GO.0017076.enoyl.CoA.hydratase.activity	case	Control_Sick	0.000683553396115971	0.000280369542499409	141	134	0.0164162293318849	0.0400901600526031
GO.0004518.oxo.acid.lyase.activity	case	Control_Sick	-0.00128495205761469	0.000528273417652522	141	131	0.0166031710798514	0.0401243301096409
GO.0051536.oxidoreductase.activity..acting.on.NAD.P.H	case	Control_Sick	-0.00332363622490135	0.00138626916501604	141	131	0.0178439132652241	0.0426782255415669
GO.0035639.growth.factor.receptor.binding	case	Control_Sick	0.000663695311138058	0.000276783683488158	141	134	0.0182210305952607	0.0431355010010252
GO.0140098.galactoside.binding	case	Control_Sick	0.00105942378520762	0.000443399856436459	141	134	0.0187308366528558	0.0435617371680974
GO.0035639.growth.factor.receptor.binding	case	Control_Healthy	0.000692912792285386	0.000290506004879388	141	134	0.0187766108483178	0.0435617371680974
GO.0009058.biosynthetic.process	case	Control_Healthy	-0.00367233343695511	0.00155706787148057	141	138	0.0197954200698002	0.0454706678831054
GO.0051539.tropomyosin.binding	case	Control_Sick	-0.00162823514359724	0.000694772638349816	141	130	0.02052900178103	0.0466934158156761
GO.0043648.mitigation.of.host.defenses.by.symbiont	case	Control_Sick	-0.000733797407619646	0.000315909207442288	141	132	0.0217510783869493	0.0489927202502159
GO.0034641.cellular.nitrogen.compound.metabolic.process	case	Control_Sick	0.00206767203880402	0.000906578577918686	141	137	0.0243213934972391	0.0542554162630717
GO.0009072.myo.inositol.hexakisphosphate.metabolic.process	case	Control_Healthy	-0.000885249305274771	0.000388108177914019	141	131	0.0247831802768339	0.0547590268973855
GO.0071941.nitrogen.cycle.metabolic.process	case	Control_Sick	-0.00158090363951756	0.000697937916813203	141	101	0.0250638967359748	0.0548568305919449
GO.0009399.nitrogen.fixation	case	Control_Sick	-0.00157632117613248	0.000698437268774291	141	81	0.0255839025811106	0.0554716392412866
GO.0009073.methanogenesis..from.acetate	case	Control_Healthy	-0.000878576226207008	0.000390109110332798	141	130	0.0267457423182245	0.0574538168317414
GO.0003824.drug.binding	case	Control_Sick	-0.0106747640411486	0.00474750714019263	141	141	0.027058655882327	0.0575927354559621
GO.0065007.biological.regulation	case	Control_Sick	0.00126822828208284	0.000578406110808354	141	134	0.0303188976209259	0.0639453113459527
GO.0050794.regulation.of.cellular.process	case	Control_Sick	0.00112115203250818	0.00051272568656239	141	134	0.0306237751835356	0.0640064490322547
GO.0003676.dynein.light.intermediate.chain.binding	case	Control_Healthy	-0.00146889774655231	0.000672862275255325	141	138	0.0313478983512413	0.0649349322989998
GO.0003824.drug.binding	case	Control_Healthy	-0.0109527040530134	0.00503793911150831	141	141	0.0319134255899329	0.0655213693527825
GO.0006520.positive.regulation.of.superoxide.dismutase.activity	case	Control_Healthy	-0.00166885337250512	0.000771890323085352	141	136	0.0329087061906247	0.0669721038265344
GO.0046483.heterocycle.metabolic.process	case	Control_Sick	0.00179322893826223	0.000832564975598315	141	137	0.0332580438771202	0.0670944885173207
GO.0050789.regulation.of.biological.process	case	Control_Sick	0.00111379189614527	0.000523237191016492	141	134	0.0352590502459059	0.0705181004918118
GO.0016874.catalytic.activity..acting.on.DNA	case	Control_Sick	-0.0021419203687262	0.00101583932405937	141	133	0.0413451801323861	0.081983605048834
GO.0051540.protein.transporter.activity	case	Control_Healthy	-0.00328565536708324	0.00163831206463658	141	132	0.046863616534674	0.0921386358986811
GO.0016772.virus.receptor.activity	case	Control_Healthy	0.00257589614464679	0.00129995102720461	141	133	0.0498785017464049	0.0972421210518146
GO.0051536.oxidoreductase.activity..acting.on.NAD.P.H	case	Control_Healthy	-0.00323779841480265	0.00163971827177335	141	131	0.0503089727969693	0.0972640140741406
GO.0051539.tropomyosin.binding	case	Control_Healthy	-0.00160375733329496	0.000821796674431446	141	130	0.0530198931321684	0.101657976914571
GO.0008150.biological_process	case	Control_Healthy	0.0030447570594852	0.00156754565861318	141	140	0.0541288132466788	0.10293348092811
GO.0071941.nitrogen.cycle.metabolic.process	case	Control_Healthy	-0.00157917292857315	0.000825540655082773	141	101	0.0578329768387964	0.109083338427648
GO.0009399.nitrogen.fixation	case	Control_Healthy	-0.00157389053393042	0.000826131300967526	141	81	0.0588430849181689	0.110093513717864
GO.0044271.cellular.nitrogen.compound.biosynthetic.process	case	Control_Sick	0.00107210252210113	0.000563391800095357	141	137	0.0595392702190345	0.110504885526528
GO.1901362.organic.cyclic.compound.biosynthetic.process	case	Control_Sick	-0.00112652626830437	0.000602311620506652	141	138	0.0640876992097853	0.118002747751351
GO.0044249.cellular.biosynthetic.process	case	Control_Sick	-0.00232269653622592	0.00126905597709107	141	138	0.0696882721636857	0.127304560173032
GO.1901576.organic.substance.biosynthetic.process	case	Control_Sick	-0.00230435786935842	0.00126617422713188	141	138	0.0712713004391278	0.129179232045919
GO.0034645.negative.regulation.of.cell.activation	case	Control_Healthy	0.000899214304596026	0.000494672156996628	141	134	0.0718513747117632	0.129221077001
GO.0009059.phenol.containing.compound.metabolic.process	case	Control_Healthy	0.000895745533244114	0.000495888074877822	141	134	0.0736004931573695	0.130345911545876
GO.0055086.salivary.gland.morphogenesis	case	Control_Healthy	-0.000608490696669268	0.000336909395828858	141	131	0.0732481654528613	0.130345911545876
GO.0006725.cellular.aromatic.compound.metabolic.process	case	Control_Healthy	0.00148945502958227	0.000853182691479178	141	138	0.083131006992414	0.143928310613732
GO.1901564.organonitrogen.compound.metabolic.process	case	Control_Healthy	-0.00138409481186299	0.000792109378539464	141	138	0.0828425140324048	0.143928310613732
GO.0019637.organophosphate.metabolic.process	case	Control_Healthy	-0.000598886767401823	0.000341948801883016	141	132	0.0822665986373994	0.143928310613732
GO.0016788.oxygen.binding	case	Control_Sick	-0.000894680263043729	0.000518671319011333	141	133	0.0872010552241333	0.149856628237029
GO.0016817.signaling.receptor.activator.activity	case	Control_Sick	0.000421367974148088	0.000246194711973476	141	132	0.0899359274762043	0.153420111577054
GO.0016818.nitrite.reductase.activity	case	Control_Sick	0.000408555739424812	0.000241862325350097	141	132	0.0941309206771732	0.159404186840176
GO.0006725.cellular.aromatic.compound.metabolic.process	case	Control_Sick	-0.00135422039148418	0.000809574295791954	141	138	0.0966884710859401	0.161749992958115
GO.0006793.phosphorus.metabolic.process	case	Control_Healthy	0.000840364857317416	0.000502295981581967	141	133	0.0969105561257673	0.161749992958115
GO.0006796.superoxide.metabolic.process	case	Control_Healthy	0.000828372664361694	0.000501706163714832	141	133	0.101318566150469	0.167899338192206
GO.0016462.RNA.polymerase.III.general.transcription.initiation.factor.binding	case	Control_Sick	0.000396257612497001	0.000241316356225368	141	132	0.103554542545356	0.170387616102997
GO.0016787.amide.binding	case	Control_Healthy	-0.00854944108207527	0.00525128084306348	141	140	0.107240414947958	0.17520969202765
GO.0008150.biological_process	case	Control_Sick	0.00239638750358438	0.00148598327261147	141	140	0.109102891165904	0.177006089164264
GO.0008233.tocopherol.cyclase.activity	case	Control_Healthy	-0.00611947083833187	0.00380479581618803	141	133	0.111359899645825	0.179413171651607
GO.0006810.transport	case	Control_Healthy	-0.00134686640675753	0.000844373981682438	141	133	0.114511484559034	0.183218375294455
GO.0006753.regulation.of.heterotypic.cell.cell.adhesion	case	Control_Healthy	-0.000530804705372264	0.000336734970065494	141	131	0.117411515673249	0.186571723535574
GO.0009117.ubiquinone.6.biosynthetic.process	case	Control_Healthy	-0.000525306108255791	0.000336777420547415	141	131	0.121268575072445	0.191389859978281
GO.0003674.energy.transducer.activity	case	Control_Sick	-0.00902493766936044	0.00552885138048144	141	141	0.123283554532577	0.193255301699715
GO.0006810.transport	case	Control_Sick	-0.00121238649155052	0.000787012841102321	141	133	0.130300293413055	0.202883678334421
GO.0016787.amide.binding	case	Control_Sick	-0.00738176831298205	0.0048862281321156	141	140	0.137699226036585	0.212974802936585
GO.0051234.establishment.of.localization	case	Control_Healthy	-0.00126817482510573	0.000850104218795622	141	133	0.139290506209512	0.213472400781403
GO.0017111.undecaprenyl.diphosphatase.activity	case	Control_Sick	0.000357300904839444	0.000240192938001359	141	131	0.139861228098161	0.213472400781403
GO.0051179.localization	case	Control_Healthy	-0.00126032937373593	0.000850345632647504	141	133	0.141829362307961	0.215061516702267
GO.0043167.virion.binding	case	Control_Sick	0.00130861275771868	0.000898865625295505	141	138	0.147730265897337	0.222554686286897
GO.0140096.laminin.binding	case	Control_Healthy	-0.00536754826514744	0.00374896858483442	141	134	0.15596595380128	0.233445814721916
GO.0016779.isobutyryl.CoA.mutase.activity	case	Control_Healthy	0.00144833361899228	0.00102973098602257	141	130	0.162190201287548	0.241205940376354
GO.0072521.somatic.muscle.development	case	Control_Healthy	-0.000472873063014543	0.000338650241843482	141	129	0.165018165093198	0.243848498736445
GO.0016829.apolipoprotein.binding	case	Control_Sick	-0.00150325385946047	0.00108677273721509	141	135	0.169458062358832	0.248824496628159
GO.0006163.negative.regulation.of.muscle.cell.apoptotic.process	case	Control_Healthy	-0.000458611905262597	0.000339240465614453	141	129	0.178789637151432	0.260875445403347
GO.0005975.carbohydrate.metabolic.process	case	Control_Healthy	0.000953323716440317	0.000711403455294594	141	132	0.182803856605758	0.265065592078349
GO.0016818.nitrite.reductase.activity	case	Control_Healthy	0.000335323638211014	0.000253197674467129	141	132	0.188177594209562	0.270845432180934
GO.0016462.RNA.polymerase.III.general.transcription.initiation.factor.binding	case	Control_Healthy	0.000333856893555658	0.000252633960346563	141	132	0.189124827643584	0.270845432180934
GO.0016817.signaling.receptor.activator.activity	case	Control_Healthy	0.000339323232807116	0.000257708873893647	141	132	0.190739185990496	0.271481540796289
GO.0022857.nitric.oxide.binding	case	Control_Healthy	-0.000590538663406025	0.000452065540667983	141	133	0.194758205337529	0.275511607550651
GO.0051234.establishment.of.localization	case	Control_Sick	-0.00102315591614977	0.000796355341220946	141	133	0.203971701739864	0.286796574567566
GO.0051179.localization	case	Control_Sick	-0.00101765952803198	0.000796687417857944	141	133	0.206536793006176	0.288653831189354
GO.0017111.undecaprenyl.diphosphatase.activity	case	Control_Healthy	0.000318698214702194	0.000251504485781092	141	131	0.207827297928406	0.288718162391558
GO.0008233.tocopherol.cyclase.activity	case	Control_Sick	-0.00441307684138588	0.00355511373059564	141	133	0.219909353083672	0.303684344734595
GO.0005215.phosphopantetheine.dependent.carrier.activity	case	Control_Healthy	-0.000556890125147161	0.00045794934373924	141	133	0.227004978126565	0.31118010195564
GO.0005488.sulfur.compound.binding	case	Control_Sick	-0.00354149673609933	0.00292478397788392	141	139	0.228019902295081	0.31118010195564
GO.1901360.organic.cyclic.compound.metabolic.process	case	Control_Healthy	0.000886953739477614	0.000738699950766148	141	138	0.231932627897248	0.314668828492173
GO.0005488.sulfur.compound.binding	case	Control_Healthy	-0.00356685861948205	0.00308539704316244	141	139	0.249660180107198	0.336750940609708
GO.0044262.cellular.carbohydrate.metabolic.process	case	Control_Healthy	0.000760105532977494	0.000685354710084952	141	127	0.269621551724077	0.357441142857062
GO.0004518.oxo.acid.lyase.activity	case	Control_Healthy	-0.000614689230189163	0.000551203521160004	141	131	0.267159789165374	0.357441142857062
GO.0046872.endopeptidase.regulator.activity	case	Control_Healthy	-0.00105638234863738	0.000951502170543419	141	136	0.268949460135244	0.357441142857062
GO.0019637.organophosphate.metabolic.process	case	Control_Sick	-0.000323352390253246	0.000293388818078314	141	132	0.272542290828293	0.359260292455477
GO.0008152.metabolic.process	case	Control_Healthy	0.00163165023594659	0.00149368666015573	141	139	0.276765053877579	0.362765494348013
GO.0043169.DNA.topoisomerase.type.I..single.strand.cut..ATP.independent..activity	case	Control_Healthy	-0.00101347587805702	0.000952164366361765	141	136	0.289120350010873	0.3768310179917
GO.0140096.laminin.binding	case	Control_Sick	-0.00357722115265236	0.00347469971620559	141	134	0.309225511081542	0.400783902630825
GO.0006807.nitrogen.compound.metabolic.process	case	Control_Healthy	-0.00100799937244425	0.000991338199024218	141	139	0.311719184339997	0.401771393149329
GO.1901564.organonitrogen.compound.metabolic.process	case	Control_Sick	-0.000748721005184503	0.000751563707261693	141	138	0.320915287053442	0.409078827452739
GO.0055086.salivary.gland.morphogenesis	case	Control_Sick	-0.000288139820503378	0.000288263211267862	141	131	0.31947987855183	0.409078827452739
GO.0016491.glycogen.debranching.enzyme.activity	case	Control_Sick	-0.000713401909891998	0.000738865848321446	141	133	0.337563379245214	0.427949202103222
GO.0044271.cellular.nitrogen.compound.biosynthetic.process	case	Control_Healthy	-0.000559496905501595	0.000591365050877403	141	137	0.34601893286116	0.436284741433636
GO.0008152.metabolic.process	case	Control_Sick	0.00114693437999479	0.00141898695884141	141	139	0.420487720237583	0.527314330243888
GO.0006508.pentose.metabolic.process	case	Control_Healthy	0.000120693060290158	0.000157287603883809	141	131	0.444510013864844	0.554442597938945
GO.0044237.cellular.metabolic.process	case	Control_Sick	0.000908606208155767	0.00121577730228659	141	138	0.456133226043772	0.565897906107781
GO.0090304.regulation.of.myoblast.differentiation	case	Control_Sick	0.00058340416498912	0.000810963518092883	141	135	0.473404994891854	0.58243724534015
GO.0009117.ubiquinone.6.biosynthetic.process	case	Control_Sick	-0.000206761247798855	0.000288209438680255	141	131	0.474485514522794	0.58243724534015
GO.0016874.catalytic.activity..acting.on.DNA	case	Control_Healthy	-0.000800418624744882	0.00112741552118753	141	133	0.479498037059363	0.585492339988275
GO.0044237.cellular.metabolic.process	case	Control_Healthy	0.000875730724999864	0.00128336346820153	141	138	0.496151895659837	0.593336287593207
GO.0006753.regulation.of.heterotypic.cell.cell.adhesion	case	Control_Sick	-0.000197905903640839	0.000288170566432838	141	131	0.493520333681826	0.593336287593207
GO.0097159.catalytic.activity..acting.on.RNA	case	Control_Sick	-0.000650092886324851	0.000949378431605411	141	139	0.494841604699088	0.593336287593207
GO.1901363.intramembrane.lipid.transporter.activity	case	Control_Sick	-0.000650110622304732	0.000949363487852475	141	139	0.494822977636775	0.593336287593207
GO.0022857.nitric.oxide.binding	case	Control_Sick	-0.000286372639644992	0.000423436160882436	141	133	0.501470938861345	0.596621834952985
GO.0006139.response.to.ionizing.radiation	case	Control_Sick	0.000560976752112601	0.000845657595233563	141	136	0.508442939709889	0.601830418432114
GO.0071704.organic.substance.metabolic.process	case	Control_Sick	-0.000672903155850713	0.00107437087901803	141	138	0.532760451286458	0.622581389464273
GO.0097159.catalytic.activity..acting.on.RNA	case	Control_Healthy	0.000624076463727516	0.0010006728491835	141	139	0.534024553893924	0.622581389464273
GO.1901363.intramembrane.lipid.transporter.activity	case	Control_Healthy	0.000624143652688303	0.00100065340952827	141	139	0.533972580562666	0.622581389464273
GO.0001882.toxin.antitoxin.pair.type.II.binding	case	Control_Sick	6.32710196531561e-05	0.000103351327272346	141	126	0.541603456357479	0.625134337686244
GO.0032549.homogentisate.1.2.dioxygenase.activity	case	Control_Sick	6.33232859169248e-05	0.000103360585065663	141	126	0.541306282085947	0.625134337686244
GO.0043167.virion.binding	case	Control_Healthy	0.000565497781292452	0.000949179378304175	141	138	0.552309454506783	0.634335611116701
GO.0001882.toxin.antitoxin.pair.type.II.binding	case	Control_Healthy	5.86319938785187e-05	0.00010761667522451	141	126	0.586916982480953	0.665918730394454
GO.0032549.homogentisate.1.2.dioxygenase.activity	case	Control_Healthy	5.87247518308674e-05	0.000107626315368921	141	126	0.58635966762059	0.665918730394454
GO.0019001.macrocin.O.methyltransferase.activity	case	Control_Sick	5.52339093765529e-05	0.000102019008832038	141	126	0.58926003730514	0.665918730394454
GO.0032561.abscisic.aldehyde.oxidase.activity	case	Control_Sick	5.4932116290804e-05	0.000102017977906837	141	126	0.591289907160593	0.665918730394454
GO.0043169.DNA.topoisomerase.type.I..single.strand.cut..ATP.independent..activity	case	Control_Sick	0.000476207179939809	0.000903585229580285	141	136	0.599078425191112	0.671430892001632
GO.0071704.organic.substance.metabolic.process	case	Control_Healthy	0.000588580906813681	0.00113943170183815	141	138	0.606553091237329	0.676539986380098
GO.0005215.phosphopantetheine.dependent.carrier.activity	case	Control_Sick	-0.000213871268168879	0.000430442603376176	141	133	0.620883995447578	0.6857386093996
GO.0001883.lipoprotein.particle.binding	case	Control_Sick	4.84192936461005e-05	0.000101879343002935	141	126	0.635490521641871	0.6857386093996
GO.0046872.endopeptidase.regulator.activity	case	Control_Sick	0.000431802815116929	0.000902953765935879	141	136	0.633304416123577	0.6857386093996
GO.0032550.polyphosphate.AMP.phosphotransferase.activity	case	Control_Sick	4.8486459138108e-05	0.000101877476012825	141	126	0.635015965845694	0.6857386093996
GO.0019001.macrocin.O.methyltransferase.activity	case	Control_Healthy	5.14086337276107e-05	0.000106227515460067	141	126	0.629330287225616	0.6857386093996
GO.0032561.abscisic.aldehyde.oxidase.activity	case	Control_Healthy	5.14786638243077e-05	0.00010622644290203	141	126	0.628860436891687	0.6857386093996
GO.0005525.ephrin.receptor.activity	case	Control_Sick	4.84479236053046e-05	0.000101884635933158	141	126	0.635308401028183	0.6857386093996
GO.0003924.adenyl.nucleotide.exchange.factor.activity	case	Control_Sick	4.6322077341289e-05	0.000100981654609309	141	126	0.647290236523763	0.695237661451449
GO.0001883.lipoprotein.particle.binding	case	Control_Healthy	4.57925696674734e-05	0.000106082108869266	141	126	0.666777770411672	0.706358186006885
GO.0032550.polyphosphate.AMP.phosphotransferase.activity	case	Control_Healthy	4.59616826940462e-05	0.000106080155404765	141	126	0.665616901532737	0.706358186006885
GO.0005525.ephrin.receptor.activity	case	Control_Healthy	4.58757411986028e-05	0.000106087587507916	141	126	0.666225758756425	0.706358186006885
GO.0003924.adenyl.nucleotide.exchange.factor.activity	case	Control_Healthy	4.40997476032039e-05	0.000105144455749998	141	126	0.675679699517136	0.712534955854434
GO.0006163.negative.regulation.of.muscle.cell.apoptotic.process	case	Control_Sick	-8.19388156619722e-05	0.000290432111088764	141	129	0.778318368716311	0.817058197023457
GO.0072521.somatic.muscle.development	case	Control_Sick	-7.89429607038305e-05	0.000289914432149424	141	129	0.785848222361139	0.821246790935965
GO.0016788.oxygen.binding	case	Control_Healthy	-0.000143175854060964	0.000541377230764468	141	133	0.791885854996446	0.823845373807961
GO.0006508.pentose.metabolic.process	case	Control_Sick	3.22641769007226e-05	0.000148847635860339	141	131	0.828809384012998	0.858409719156319
GO.0009058.biosynthetic.process	case	Control_Sick	-0.000298580597211366	0.00147756089536924	141	138	0.840162601642429	0.866300993693527
GO.0043022.adenylate.cyclase.activity	case	Control_Sick	1.57344334722797e-05	9.75650936463182e-05	141	116	0.875512594988065	0.898756292200137
GO.0043021.carbohydrate.transmembrane.transporter.activity	case	Control_Sick	1.42625570823597e-05	9.76185447936426e-05	141	117	0.883876159308401	0.90334479717863
GO.1901360.organic.cyclic.compound.metabolic.process	case	Control_Sick	-9.72433638695234e-05	0.000699831987577117	141	138	0.889691304783907	0.905299924166081
GO.0043021.carbohydrate.transmembrane.transporter.activity	case	Control_Healthy	-9.34890237747387e-06	0.000101635659663347	141	117	0.926733934649779	0.938874553880998
GO.0016491.glycogen.debranching.enzyme.activity	case	Control_Healthy	-6.16973993961748e-05	0.000780118990664359	141	133	0.937140341022501	0.945289387466174
GO.0043022.adenylate.cyclase.activity	case	Control_Healthy	-6.89927429359101e-06	0.000101578911261973	141	116	0.947363477241502	0.951464617835621
GO.0044238.primary.metabolic.process	case	Control_Sick	-1.55890025381308e-05	0.000699661399601406	141	138	0.982256163620073	0.982256163620073
