feature	metadata	value	coef	stderr	N	N.not.0	pval	qval
GO.0072527.pyrimidine.containing.compound.metabolic.process.pyrimidine.containing.compound.metabolic.process	outcome	Survived	-4.81533793917083	0.867123705850247	25	12	2.80437649573946e-08	1.18905563419353e-05
GO.0034654.nucleobase.containing.compound.biosynthetic.process.nucleobase.containing.compound.biosynthetic.process	outcome	Survived	-0.629839870935129	0.116851388461202	25	25	7.04211640232378e-08	1.49292867729264e-05
GO.0046914.transition.metal.ion.binding.transition.metal.ion.binding	outcome	Survived	-0.545489118342333	0.105975203553449	25	25	2.64223275763936e-07	3.73435563079696e-05
GO.0019438.aromatic.compound.biosynthetic.process.aromatic.compound.biosynthetic.process	outcome	Survived	-0.477522534563344	0.115894959270254	25	25	3.7837183138878e-05	0.00401074141272106
GO.0018130.heterocycle.biosynthetic.process.heterocycle.biosynthetic.process	outcome	Survived	-0.393053717084906	0.100170822680755	25	25	8.7150663131973e-05	0.00739037623359131
GO.0009059.macromolecule.biosynthetic.process.macromolecule.biosynthetic.process	outcome	Survived	0.382498363765729	0.103299197281824	25	25	0.000213215919834688	0.0150672583349846
GO.0016070.RNA.metabolic.process.RNA.metabolic.process	outcome	Survived	-0.31022767806246	0.0857473096918203	25	25	0.00029696983653525	0.0179878872415637
GO.0090501.RNA.phosphodiester.bond.hydrolysis.RNA.phosphodiester.bond.hydrolysis	outcome	Survived	-1.41192392791933	0.402249679533007	25	17	0.000447991273865205	0.0237435375148559
GO.0000287.magnesium.ion.binding.magnesium.ion.binding	outcome	Survived	-2.33594657722001	0.708784861696108	25	11	0.000981746695391069	0.0360534989045242
GO.0003723.RNA.binding.RNA.binding	outcome	Survived	0.988573546028821	0.303036596854267	25	23	0.00110541388150664	0.0360534989045242
GO.0008270.zinc.ion.binding.zinc.ion.binding	outcome	Survived	-0.879558407744366	0.265798361700162	25	24	0.000935900505503228	0.0360534989045242
GO.0016310.phosphorylation.phosphorylation	outcome	Survived	2.89736756818973	0.88796984506685	25	13	0.001102737097204	0.0360534989045242
GO.1901565.organonitrogen.compound.catabolic.process.organonitrogen.compound.catabolic.process	outcome	Survived	-2.38751901012188	0.720827739604757	25	12	0.000925683881670454	0.0360534989045242
GO.0004175.endopeptidase.activity.endopeptidase.activity	outcome	Survived	-0.994621856499963	0.309442256440222	25	21	0.001307900413059	0.0369699850091345
GO.0072528.pyrimidine.containing.compound.biosynthetic.process.pyrimidine.containing.compound.biosynthetic.process	outcome	Survived	-5.50476081911299	1.71141850551102	25	7	0.00129768974011836	0.0369699850091345
GO.0006310.DNA.recombination.DNA.recombination	outcome	Survived	-2.12991242376079	0.667191802659265	25	12	0.00141118262921759	0.037396339674266
GO.0016491.oxidoreductase.activity.oxidoreductase.activity	outcome	Survived	2.54138736818241	0.800687914594846	25	13	0.00150351150027702	0.037499345653968
GO.0005975.carbohydrate.metabolic.process.carbohydrate.metabolic.process	outcome	Survived	2.24455841865394	0.717090713970349	25	15	0.00174752799093735	0.0389974667451283
GO.0140098.catalytic.activity..acting.on.RNA.catalytic.activity..acting.on.RNA	outcome	Survived	-0.546045944409562	0.173992364481792	25	25	0.00169911841004806	0.0389974667451283
GO.0016462.pyrophosphatase.activity.pyrophosphatase.activity	outcome	Survived	-0.325699331119073	0.107200258024348	25	25	0.00237970104067155	0.0480472972021304
GO.0097159.organic.cyclic.compound.binding.organic.cyclic.compound.binding	outcome	Survived	0.443179595894663	0.14521280995876	25	25	0.00227373737445345	0.0480472972021304
GO.0016817.hydrolase.activity..acting.on.acid.anhydrides.hydrolase.activity..acting.on.acid.anhydrides	outcome	Survived	-0.322528512544199	0.107458882798181	25	25	0.00268729613909557	0.051791525589842
GO.0043412.macromolecule.modification.macromolecule.modification	outcome	Survived	3.40530125452624	1.15932962589754	25	13	0.00331081491467726	0.0610341532097026
GO.0032555.purine.ribonucleotide.binding.purine.ribonucleotide.binding	outcome	Survived	0.76109586330449	0.264852161466576	25	23	0.00405741616051122	0.0666826048776072
GO.0055114.oxidation.reduction.process.oxidation.reduction.process	outcome	Survived	2.82253605224355	0.981181942524693	25	13	0.00401896435668195	0.0666826048776072
GO.0071840.cellular.component.organization.or.biogenesis.cellular.component.organization.or.biogenesis	outcome	Survived	1.28315535421872	0.446903919905755	25	21	0.00408902765758912	0.0666826048776072
GO.0071705.nitrogen.compound.transport.nitrogen.compound.transport	outcome	Survived	6.0149778561429	2.16950498922507	25	11	0.00556255283709233	0.0873526815898943
GO.0006810.transport.transport	outcome	Survived	2.24445181224257	0.822855021008622	25	15	0.00637892898842679	0.0885706412107802
GO.0036094.small.molecule.binding.small.molecule.binding	outcome	Survived	0.399697173477325	0.145909107355691	25	25	0.00615594381820702	0.0885706412107802
GO.0051179.localization.localization	outcome	Survived	2.23513621216546	0.820935609710481	25	15	0.00647568367342968	0.0885706412107802
GO.0051234.establishment.of.localization.establishment.of.localization	outcome	Survived	2.24099064933696	0.821893962918598	25	15	0.00639871219630474	0.0885706412107802
GO.0000166.nucleotide.binding.nucleotide.binding	outcome	Survived	0.371649822348895	0.138280977350404	25	25	0.00719584059565396	0.0923575090313441
GO.0009117.nucleotide.metabolic.process.nucleotide.metabolic.process	outcome	Survived	-1.19503850566645	0.446240682915337	25	19	0.00740602666760778	0.0923575090313441
GO.1901265.nucleoside.phosphate.binding.nucleoside.phosphate.binding	outcome	Survived	0.371649822348895	0.138280977350404	25	25	0.00719584059565396	0.0923575090313441
GO.0006753.nucleoside.phosphate.metabolic.process.nucleoside.phosphate.metabolic.process	outcome	Survived	-1.16054272380026	0.437745737956508	25	19	0.00802110928618518	0.0971700096383576
GO.0017076.purine.nucleotide.binding.purine.nucleotide.binding	outcome	Survived	1.07817181033341	0.411548713805551	25	23	0.00879835492929947	0.103625069167305
GO.0005976.polysaccharide.metabolic.process.polysaccharide.metabolic.process	outcome	Survived	2.58015961313421	0.994254257038396	25	11	0.00945715955850747	0.105521990863347
GO.0017111.nucleoside.triphosphatase.activity.nucleoside.triphosphatase.activity	outcome	Survived	0.534829106144626	0.206008517719444	25	23	0.00942747749915831	0.105521990863347
GO.0016773.phosphotransferase.activity..alcohol.group.as.acceptor.phosphotransferase.activity..alcohol.group.as.acceptor	outcome	Survived	4.00015327421753	1.55337481439267	25	11	0.010020033051901	0.108317522445071
GO.0035639.purine.ribonucleoside.triphosphate.binding.purine.ribonucleoside.triphosphate.binding	outcome	Survived	0.784421331807812	0.305419368548201	25	23	0.0102186341929313	0.108317522445071
GO.0044262.cellular.carbohydrate.metabolic.process.cellular.carbohydrate.metabolic.process	outcome	Survived	2.23960307952021	0.875199676779999	25	12	0.0104985090921619	0.108569947684797
GO.0003676.nucleic.acid.binding.nucleic.acid.binding	outcome	Survived	0.466719534737309	0.183239580330961	25	25	0.0108639290599685	0.109673950510158
GO.0055085.transmembrane.transport.transmembrane.transport	outcome	Survived	2.76267883213184	1.09199377423533	25	13	0.0114082002829104	0.112490160929163
GO.0044264.cellular.polysaccharide.metabolic.process.cellular.polysaccharide.metabolic.process	outcome	Survived	2.60522252965386	1.05337412801386	25	8	0.0133902905900893	0.129033709322679
GO.0005524.ATP.binding.ATP.binding	outcome	Survived	0.626919056582568	0.25623699959746	25	23	0.0144195777470853	0.135864465883648
GO.0004540.ribonuclease.activity.ribonuclease.activity	outcome	Survived	-0.964144386541924	0.402288136113692	25	19	0.0165456607771325	0.15250782977183
GO.0016051.carbohydrate.biosynthetic.process.carbohydrate.biosynthetic.process	outcome	Survived	2.54939479803333	1.08716432944555	25	9	0.0190273403318658	0.168074839598148
GO.0090503.RNA.phosphodiester.bond.hydrolysis..exonucleolytic.RNA.phosphodiester.bond.hydrolysis..exonucleolytic	outcome	Survived	-0.968238698054045	0.412063225423045	25	17	0.0187868647769821	0.168074839598148
GO.0005215.transporter.activity.transporter.activity	outcome	Survived	2.51010724538422	1.08557137399414	25	13	0.0207641723364604	0.172623256244886
GO.0016043.cellular.component.organization.cellular.component.organization	outcome	Survived	0.924181863027467	0.400959632530789	25	21	0.0211707767092785	0.172623256244886
GO.0016853.isomerase.activity.isomerase.activity	outcome	Survived	1.43131417713345	0.617006441296682	25	15	0.0203532223586989	0.172623256244886
GO.0022857.transmembrane.transporter.activity.transmembrane.transporter.activity	outcome	Survived	2.48693784179765	1.07521964577698	25	13	0.0207249504648096	0.172623256244886
GO.0000271.polysaccharide.biosynthetic.process.polysaccharide.biosynthetic.process	outcome	Survived	2.56853626457897	1.12645891889034	25	8	0.0225966378300128	0.180773102640103
GO.0034637.cellular.carbohydrate.biosynthetic.process.cellular.carbohydrate.biosynthetic.process	outcome	Survived	2.55916712833645	1.14302815921707	25	7	0.0251600673830288	0.197553121674152
GO.0008879.glucose.1.phosphate.thymidylyltransferase.activity.glucose.1.phosphate.thymidylyltransferase.activity	outcome	Survived	2.74160143917652	1.23702532635708	25	5	0.0266719474100545	0.205274146910066
GO.0045226.extracellular.polysaccharide.biosynthetic.process.extracellular.polysaccharide.biosynthetic.process	outcome	Survived	2.71170778169007	1.23092439316701	25	5	0.0275958169195135	0.205274146910066
GO.0046379.extracellular.polysaccharide.metabolic.process.extracellular.polysaccharide.metabolic.process	outcome	Survived	2.71170778169007	1.23092439316701	25	5	0.0275958169195135	0.205274146910066
GO.0006520.cellular.amino.acid.metabolic.process.cellular.amino.acid.metabolic.process	outcome	Survived	1.89019970677201	0.86281123213149	25	13	0.0284702243408679	0.208127157250483
GO.0030554.adenyl.nucleotide.binding.adenyl.nucleotide.binding	outcome	Survived	0.701960748462532	0.321832377517933	25	23	0.0291732292637502	0.208368024303208
GO.0033692.cellular.polysaccharide.biosynthetic.process.cellular.polysaccharide.biosynthetic.process	outcome	Survived	2.54728529553165	1.17012913763235	25	7	0.0294860411749822	0.208368024303208
GO.0071702.organic.substance.transport.organic.substance.transport	outcome	Survived	2.63349397035214	1.21629003489674	25	12	0.0303734556918453	0.211120413333482
GO.0006811.ion.transport.ion.transport	outcome	Survived	2.35685497069917	1.10989566155286	25	13	0.0337126140525168	0.23055077997205
GO.0003677.DNA.binding.DNA.binding	outcome	Survived	1.02858491651434	0.488104618622034	25	19	0.0350912188881561	0.232255095514502
GO.0019200.carbohydrate.kinase.activity.carbohydrate.kinase.activity	outcome	Survived	3.78838470088266	1.79967318929769	25	3	0.0352877948572636	0.232255095514502
GO.0046835.carbohydrate.phosphorylation.carbohydrate.phosphorylation	outcome	Survived	3.77588245632835	1.79683431633477	25	3	0.0356051443595345	0.232255095514502
GO.0004747.ribokinase.activity.ribokinase.activity	outcome	Survived	3.74568411349653	1.79002447758593	25	3	0.0363909216747968	0.233784102880513
GO.0019538.protein.metabolic.process.protein.metabolic.process	outcome	Survived	0.408563388777423	0.19783994911516	25	25	0.0389115743149025	0.246246380739085
GO.0016053.organic.acid.biosynthetic.process.organic.acid.biosynthetic.process	outcome	Survived	2.21618089097688	1.11047605369487	25	13	0.0459662113909285	0.286612847496377
GO.0055086.nucleobase.containing.small.molecule.metabolic.process.nucleobase.containing.small.molecule.metabolic.process	outcome	Survived	-0.77078778361638	0.40406021642327	25	19	0.056442130136542	0.34683279967962
GO.0032559.adenyl.ribonucleotide.binding.adenyl.ribonucleotide.binding	outcome	Survived	0.786137568568821	0.413992705727043	25	23	0.0575754590970756	0.348742780816572
GO.0006082.organic.acid.metabolic.process.organic.acid.metabolic.process	outcome	Survived	1.89051334297147	1.00496464978427	25	13	0.0599482569768429	0.35791232802221
GO.0019752.carboxylic.acid.metabolic.process.carboxylic.acid.metabolic.process	outcome	Survived	1.88444347613241	1.00663916846616	25	13	0.0612045484997397	0.35791232802221
GO.0046394.carboxylic.acid.biosynthetic.process.carboxylic.acid.biosynthetic.process	outcome	Survived	2.07990751749002	1.1128403358148	25	13	0.061621697984956	0.35791232802221
GO.0043436.oxoacid.metabolic.process.oxoacid.metabolic.process	outcome	Survived	1.8552774164232	1.00869922766651	25	13	0.0658744356779794	0.372410143032844
GO.1901566.organonitrogen.compound.biosynthetic.process.organonitrogen.compound.biosynthetic.process	outcome	Survived	0.868595356522931	0.47123679119429	25	19	0.065296190350984	0.372410143032844
GO.0044248.cellular.catabolic.process.cellular.catabolic.process	outcome	Survived	-1.00646766253259	0.554327565653963	25	14	0.0694232982007427	0.387308926804143
GO.0022804.active.transmembrane.transporter.activity.active.transmembrane.transporter.activity	outcome	Survived	2.35313616762518	1.32089127887343	25	11	0.0748347153458751	0.412076874112351
GO.0009165.nucleotide.biosynthetic.process.nucleotide.biosynthetic.process	outcome	Survived	-0.82284283720895	0.464664221893396	25	15	0.0765884410452064	0.41632691029702
GO.0016829.lyase.activity.lyase.activity	outcome	Survived	0.931734702523126	0.540093937851507	25	17	0.0845032306869692	0.449986881131669
GO.1901293.nucleoside.phosphate.biosynthetic.process.nucleoside.phosphate.biosynthetic.process	outcome	Survived	-0.79655975552645	0.462331533979226	25	15	0.0849031851191828	0.449986881131669
GO.0008652.cellular.amino.acid.biosynthetic.process.cellular.amino.acid.biosynthetic.process	outcome	Survived	1.99838372951181	1.16420695901063	25	13	0.0860670362438684	0.450523745276546
GO.0008152.metabolic.process.metabolic.process	outcome	Survived	0.295400275979543	0.177666066344374	25	25	0.0963782428648032	0.498346036276543
GO.0008233.peptidase.activity.peptidase.activity	outcome	Survived	-0.315567474320623	0.19079977467151	25	25	0.098143863196134	0.498471141404815
GO.0019637.organophosphate.metabolic.process.organophosphate.metabolic.process	outcome	Survived	-0.660788880227064	0.400253518480008	25	19	0.0987537166934067	0.498471141404815
GO.0043169.cation.binding.cation.binding	outcome	Survived	-0.186808428084884	0.116658928009723	25	25	0.109305770238897	0.545242900956379
GO.1901605.alpha.amino.acid.metabolic.process.alpha.amino.acid.metabolic.process	outcome	Survived	2.54358584165493	1.599074052253	25	11	0.111685731966329	0.550636632020042
GO.0044403.symbiotic.process.symbiotic.process	outcome	Survived	-0.533023417462028	0.3405705347916	25	23	0.117561891175111	0.566749102170923
GO.0140097.catalytic.activity..acting.on.DNA.catalytic.activity..acting.on.DNA	outcome	Survived	-1.62900576120479	1.0410238020265	25	17	0.117627172148682	0.566749102170923
GO.0015318.inorganic.molecular.entity.transmembrane.transporter.activity.inorganic.molecular.entity.transmembrane.transporter.activity	outcome	Survived	2.41803220363112	1.58845227428929	25	11	0.12794475935829	0.598505680793217
GO.0016796.exonuclease.activity..active.with.either.ribo..or.deoxyribonucleic.acids.and.producing.5.phosphomonoesters.exonuclease.activity..active.with.either.ribo..or.deoxyribonucleic.acids.and.producing.5.phosphomonoesters	outcome	Survived	-0.686693893618949	0.450712349827322	25	19	0.127615009132676	0.598505680793217
GO.1901135.carbohydrate.derivative.metabolic.process.carbohydrate.derivative.metabolic.process	outcome	Survived	-0.623359939050496	0.410042844420147	25	19	0.128452870170242	0.598505680793217
GO.0004532.exoribonuclease.activity.exoribonuclease.activity	outcome	Survived	-0.716288385544565	0.494911662593754	25	19	0.14781137133038	0.666726037711539
GO.0015075.ion.transmembrane.transporter.activity.ion.transmembrane.transporter.activity	outcome	Survived	2.08659119896434	1.44029369652844	25	11	0.147414063565993	0.666726037711539
GO.0016896.exoribonuclease.activity..producing.5.phosphomonoesters.exoribonuclease.activity..producing.5.phosphomonoesters	outcome	Survived	-0.716284661314755	0.494909740733439	25	19	0.147811904586992	0.666726037711539
GO.0004527.exonuclease.activity.exonuclease.activity	outcome	Survived	-0.531256543773639	0.37677125031235	25	23	0.158532566345468	0.697336517534537
GO.0006508.proteolysis.proteolysis	outcome	Survived	-0.435246033545386	0.309421001376051	25	25	0.159532175002005	0.697336517534537
GO.0034220.ion.transmembrane.transport.ion.transmembrane.transport	outcome	Survived	1.88765740431096	1.33355421916761	25	11	0.15691944220396	0.697336517534537
GO.1901137.carbohydrate.derivative.biosynthetic.process.carbohydrate.derivative.biosynthetic.process	outcome	Survived	-0.611523317477996	0.456616407308727	25	15	0.180489446882212	0.78089311712304
GO.0016032.viral.process.viral.process	outcome	Survived	-0.494567923678288	0.37118081900115	25	23	0.18272294198273	0.782570983845226
GO.0010556.regulation.of.macromolecule.biosynthetic.process.regulation.of.macromolecule.biosynthetic.process	outcome	Survived	0.28546921408676	0.219377834173321	25	23	0.19316695712877	0.819027898225985
GO.0044281.small.molecule.metabolic.process.small.molecule.metabolic.process	outcome	Survived	0.530681126077982	0.410744693007793	25	19	0.196358002293705	0.824314781906246
GO.0140096.catalytic.activity..acting.on.a.protein.catalytic.activity..acting.on.a.protein	outcome	Survived	-0.169225943517716	0.131938891351309	25	25	0.199629270764016	0.829831478470028
GO.0006304.DNA.modification.DNA.modification	outcome	Survived	1.61945637876263	1.38219492214337	25	4	0.241335367956844	0.854545341517876
GO.0006793.phosphorus.metabolic.process.phosphorus.metabolic.process	outcome	Survived	0.473304863369615	0.410267872121679	25	19	0.248644357657766	0.854545341517876
GO.0006796.phosphate.containing.compound.metabolic.process.phosphate.containing.compound.metabolic.process	outcome	Survived	0.451895864539706	0.409183492279759	25	19	0.269426426100744	0.854545341517876
GO.0008242.omega.peptidase.activity.omega.peptidase.activity	outcome	Survived	-0.533994990211037	0.46885590485744	25	16	0.25473152032018	0.854545341517876
GO.0009056.catabolic.process.catabolic.process	outcome	Survived	-1.02606103334497	0.962071349521785	25	16	0.28619207192344	0.854545341517876
GO.0009607.response.to.biotic.stimulus.response.to.biotic.stimulus	outcome	Survived	-0.455895320696983	0.418424399479319	25	17	0.275910347982901	0.854545341517876
GO.0009893.positive.regulation.of.metabolic.process.positive.regulation.of.metabolic.process	outcome	Survived	-0.521312980313764	0.463684375710816	25	17	0.260892512934075	0.854545341517876
GO.0009894.regulation.of.catabolic.process.regulation.of.catabolic.process	outcome	Survived	-0.52875356271957	0.464687123692121	25	16	0.255174747169713	0.854545341517876
GO.0009896.positive.regulation.of.catabolic.process.positive.regulation.of.catabolic.process	outcome	Survived	-0.538413644955826	0.475060341588653	25	16	0.257063761822495	0.854545341517876
GO.0019049.mitigation.of.host.defenses.by.virus.mitigation.of.host.defenses.by.virus	outcome	Survived	-0.456942377438537	0.424132793155845	25	17	0.281320865731087	0.854545341517876
GO.0019054.modulation.by.virus.of.host.cellular.process.modulation.by.virus.of.host.cellular.process	outcome	Survived	-0.468584650589974	0.414630494858149	25	17	0.258423188381236	0.854545341517876
GO.0030682.mitigation.of.host.defenses.by.symbiont.mitigation.of.host.defenses.by.symbiont	outcome	Survived	-0.456940719484953	0.424132885868616	25	17	0.281322716600094	0.854545341517876
GO.0030683.mitigation.of.host.immune.response.by.virus.mitigation.of.host.immune.response.by.virus	outcome	Survived	-0.456951221073062	0.424132273589099	25	17	0.2813109648048	0.854545341517876
GO.0031325.positive.regulation.of.cellular.metabolic.process.positive.regulation.of.cellular.metabolic.process	outcome	Survived	-0.522444861979509	0.464662209920581	25	17	0.260862834930228	0.854545341517876
GO.0031329.regulation.of.cellular.catabolic.process.regulation.of.cellular.catabolic.process	outcome	Survived	-0.528818763521622	0.464890714412666	25	16	0.255324313513486	0.854545341517876
GO.0031331.positive.regulation.of.cellular.catabolic.process.positive.regulation.of.cellular.catabolic.process	outcome	Survived	-0.538458744126618	0.475281816359867	25	16	0.257245668806774	0.854545341517876
GO.0031347.regulation.of.defense.response.regulation.of.defense.response	outcome	Survived	-0.463047134796839	0.431690556715594	25	17	0.28343415098801	0.854545341517876
GO.0031348.negative.regulation.of.defense.response.negative.regulation.of.defense.response	outcome	Survived	-0.463152162708118	0.431862070626607	25	17	0.28351620865768	0.854545341517876
GO.0039503.suppression.by.virus.of.host.innate.immune.response.suppression.by.virus.of.host.innate.immune.response	outcome	Survived	-0.463185033971982	0.431901335955195	25	17	0.283525812201875	0.854545341517876
GO.0043207.response.to.external.biotic.stimulus.response.to.external.biotic.stimulus	outcome	Survived	-0.4561737619602	0.418611897363698	25	17	0.275832287451989	0.854545341517876
GO.0044068.modulation.by.symbiont.of.host.cellular.process.modulation.by.symbiont.of.host.cellular.process	outcome	Survived	-0.468570505095457	0.414617666158369	25	17	0.258422830138856	0.854545341517876
GO.0044414.suppression.of.host.defenses.by.symbiont.suppression.of.host.defenses.by.symbiont	outcome	Survived	-0.463185056298598	0.431901335966045	25	17	0.283525789006122	0.854545341517876
GO.0048518.positive.regulation.of.biological.process.positive.regulation.of.biological.process	outcome	Survived	-0.51180899069165	0.457232888487704	25	17	0.262985856546245	0.854545341517876
GO.0048522.positive.regulation.of.cellular.process.positive.regulation.of.cellular.process	outcome	Survived	-0.514491219829324	0.458316094803355	25	17	0.261620791786292	0.854545341517876
GO.0048583.regulation.of.response.to.stimulus.regulation.of.response.to.stimulus	outcome	Survived	-0.456750895963584	0.426828248421558	25	17	0.284572203588114	0.854545341517876
GO.0048585.negative.regulation.of.response.to.stimulus.negative.regulation.of.response.to.stimulus	outcome	Survived	-0.461739929357614	0.430766319561081	25	17	0.283763374109616	0.854545341517876
GO.0050690.regulation.of.defense.response.to.virus.by.virus.regulation.of.defense.response.to.virus.by.virus	outcome	Survived	-0.456951221073062	0.424132273589099	25	17	0.2813109648048	0.854545341517876
GO.0051707.response.to.other.organism.response.to.other.organism	outcome	Survived	-0.456255133588918	0.41869354463209	25	17	0.275840287649029	0.854545341517876
GO.0052031.modulation.by.symbiont.of.host.defense.response.modulation.by.symbiont.of.host.defense.response	outcome	Survived	-0.463140359960583	0.431862403103379	25	17	0.283528848940143	0.854545341517876
GO.0052167.modulation.by.symbiont.of.host.innate.immune.response.modulation.by.symbiont.of.host.innate.immune.response	outcome	Survived	-0.463185033971982	0.431901335955195	25	17	0.283525812201875	0.854545341517876
GO.0052170.suppression.by.symbiont.of.host.innate.immune.response.suppression.by.symbiont.of.host.innate.immune.response	outcome	Survived	-0.463185033971982	0.431901335955195	25	17	0.283525812201875	0.854545341517876
GO.0052173.response.to.defenses.of.other.organism.response.to.defenses.of.other.organism	outcome	Survived	-0.456899450274311	0.42409904462563	25	17	0.281327781876664	0.854545341517876
GO.0052200.response.to.host.defenses.response.to.host.defenses	outcome	Survived	-0.456899450274311	0.42409904462563	25	17	0.281327781876664	0.854545341517876
GO.0052553.modulation.by.symbiont.of.host.immune.response.modulation.by.symbiont.of.host.immune.response	outcome	Survived	-0.463116273294993	0.43182303270463	25	17	0.283509994850335	0.854545341517876
GO.0052562.suppression.by.symbiont.of.host.immune.response.suppression.by.symbiont.of.host.immune.response	outcome	Survived	-0.463162129324827	0.431875187339448	25	17	0.283520471137879	0.854545341517876
GO.0052572.response.to.host.immune.response.response.to.host.immune.response	outcome	Survived	-0.463106104924694	0.431809983330022	25	17	0.283506016476468	0.854545341517876
GO.0071704.organic.substance.metabolic.process.organic.substance.metabolic.process	outcome	Survived	0.183245348556115	0.17004209424628	25	25	0.281191330047376	0.854545341517876
GO.0075136.response.to.host.response.to.host	outcome	Survived	-0.456899450274311	0.42409904462563	25	17	0.281327781876664	0.854545341517876
GO.0075528.modulation.by.virus.of.host.immune.response.modulation.by.virus.of.host.immune.response	outcome	Survived	-0.463116273294993	0.43182303270463	25	17	0.283509994850335	0.854545341517876
GO.0080134.regulation.of.response.to.stress.regulation.of.response.to.stress	outcome	Survived	-0.462357773999711	0.431279480740392	25	17	0.283692777562576	0.854545341517876
GO.0010629.negative.regulation.of.gene.expression.negative.regulation.of.gene.expression	outcome	Survived	-0.460917604196761	0.43771116162516	25	17	0.292332876273467	0.866777199580069
GO.0039657.suppression.by.virus.of.host.gene.expression.suppression.by.virus.of.host.gene.expression	outcome	Survived	-0.4795263003545	0.45949362458557	25	17	0.296671748299679	0.873533481104611
GO.0009892.negative.regulation.of.metabolic.process.negative.regulation.of.metabolic.process	outcome	Survived	-0.423063273344905	0.425478863981851	25	17	0.320065810031175	0.875534860988505
GO.0010605.negative.regulation.of.macromolecule.metabolic.process.negative.regulation.of.macromolecule.metabolic.process	outcome	Survived	-0.429037457493158	0.426548833189008	25	17	0.314495272892141	0.875534860988505
GO.0039506.modulation.by.virus.of.host.molecular.function.modulation.by.virus.of.host.molecular.function	outcome	Survived	-0.453214051911281	0.454200526199202	25	17	0.318362717612375	0.875534860988505
GO.0039507.suppression.by.virus.of.host.molecular.function.suppression.by.virus.of.host.molecular.function	outcome	Survived	-0.456283140444302	0.454306656903907	25	17	0.31520967652942	0.875534860988505
GO.0044359.modulation.of.molecular.function.in.other.organism.modulation.of.molecular.function.in.other.organism	outcome	Survived	-0.453214051911281	0.454200526199202	25	17	0.318362717612375	0.875534860988505
GO.0044362.negative.regulation.of.molecular.function.in.other.organism.negative.regulation.of.molecular.function.in.other.organism	outcome	Survived	-0.456283140444302	0.454306656903907	25	17	0.31520967652942	0.875534860988505
GO.0052055.modulation.by.symbiont.of.host.molecular.function.modulation.by.symbiont.of.host.molecular.function	outcome	Survived	-0.453214051911281	0.454200526199202	25	17	0.318362717612375	0.875534860988505
GO.0052056.negative.regulation.by.symbiont.of.host.molecular.function.negative.regulation.by.symbiont.of.host.molecular.function	outcome	Survived	-0.456283140444302	0.454306656903907	25	17	0.31520967652942	0.875534860988505
GO.0052204.negative.regulation.of.molecular.function.in.other.organism.involved.in.symbiotic.interaction.negative.regulation.of.molecular.function.in.other.organism.involved.in.symbiotic.interaction	outcome	Survived	-0.456283140444302	0.454306656903907	25	17	0.31520967652942	0.875534860988505
GO.0052205.modulation.of.molecular.function.in.other.organism.involved.in.symbiotic.interaction.modulation.of.molecular.function.in.other.organism.involved.in.symbiotic.interaction	outcome	Survived	-0.453214051911281	0.454200526199202	25	17	0.318362717612375	0.875534860988505
GO.1901576.organic.substance.biosynthetic.process.organic.substance.biosynthetic.process	outcome	Survived	0.177742239917328	0.174593663989423	25	25	0.308661924259348	0.875534860988505
GO.0006259.DNA.metabolic.process.DNA.metabolic.process	outcome	Survived	-0.383058893135822	0.39087969977285	25	19	0.327090175727795	0.884560389926164
GO.0043168.anion.binding.anion.binding	outcome	Survived	0.172230602942029	0.175909649665418	25	25	0.327537691552849	0.884560389926164
GO.0044092.negative.regulation.of.molecular.function.negative.regulation.of.molecular.function	outcome	Survived	-0.417933752696572	0.433998928151353	25	17	0.335555866271552	0.894815643390807
GO.0048519.negative.regulation.of.biological.process.negative.regulation.of.biological.process	outcome	Survived	-0.441209809827045	0.457044378156692	25	19	0.334367323771121	0.894815643390807
GO.0065009.regulation.of.molecular.function.regulation.of.molecular.function	outcome	Survived	-0.408070533652199	0.426552917747038	25	17	0.338733662752895	0.897644206295173
GO.0009605.response.to.external.stimulus.response.to.external.stimulus	outcome	Survived	-0.444721625015417	0.475237207923722	25	19	0.349381973303495	0.919305771381492
GO.0019048.modulation.by.virus.of.host.process.modulation.by.virus.of.host.process	outcome	Survived	-0.462004765269875	0.502362916849203	25	20	0.357748708202703	0.919305771381492
GO.0035821.modulation.of.process.of.other.organism.modulation.of.process.of.other.organism	outcome	Survived	-0.46177936271827	0.499804260179739	25	20	0.355527749795435	0.919305771381492
GO.0044003.modulation.by.symbiont.of.host.process.modulation.by.symbiont.of.host.process	outcome	Survived	-0.461793006756535	0.499899987464773	25	20	0.355605665938187	0.919305771381492
GO.0051817.modulation.of.process.of.other.organism.involved.in.symbiotic.interaction.modulation.of.process.of.other.organism.involved.in.symbiotic.interaction	outcome	Survived	-0.46177936271827	0.499804260179739	25	20	0.355527749795435	0.919305771381492
GO.1901575.organic.substance.catabolic.process.organic.substance.catabolic.process	outcome	Survived	-0.956706154886513	1.0454501854221	25	16	0.360131758986108	0.919854613313916
GO.0006766.vitamin.metabolic.process.vitamin.metabolic.process	outcome	Survived	0.903542864504012	1.01474395153799	25	10	0.373243287283122	0.94124094476523
GO.0006767.water.soluble.vitamin.metabolic.process.water.soluble.vitamin.metabolic.process	outcome	Survived	0.903685549890678	1.01464942477532	25	10	0.373123292193196	0.94124094476523
GO.0009110.vitamin.biosynthetic.process.vitamin.biosynthetic.process	outcome	Survived	0.89569666781548	1.02419157361275	25	10	0.381824156838725	0.94124094476523
GO.0032268.regulation.of.cellular.protein.metabolic.process.regulation.of.cellular.protein.metabolic.process	outcome	Survived	-0.403664600425871	0.458996630678208	25	16	0.379157315992348	0.94124094476523
GO.0042364.water.soluble.vitamin.biosynthetic.process.water.soluble.vitamin.biosynthetic.process	outcome	Survived	0.895746153016223	1.02420060303306	25	10	0.381802054253849	0.94124094476523
GO.0051246.regulation.of.protein.metabolic.process.regulation.of.protein.metabolic.process	outcome	Survived	-0.402663434150621	0.457325606223427	25	16	0.3786024321056	0.94124094476523
GO.0005515.protein.binding.protein.binding	outcome	Survived	0.249829250160087	0.288818338932873	25	23	0.387036152998304	0.948574155325322
GO.0008686.3.4.dihydroxy.2.butanone.4.phosphate.synthase.activity.3.4.dihydroxy.2.butanone.4.phosphate.synthase.activity	outcome	Survived	0.954708108949709	1.1150231555684	25	7	0.391874622606856	0.954912873478775
GO.0000041.transition.metal.ion.transport.transition.metal.ion.transport	outcome	Survived	23.1926110853919	57113.3683489954	25	3	0.999675994844358	0.999989887165062
GO.0000160.phosphorelay.signal.transduction.system.phosphorelay.signal.transduction.system	outcome	Survived	32.2987459189257	485263.633892528	25	7	0.999946893463917	0.999989887165062
GO.0000175.3.5.exoribonuclease.activity.3.5.exoribonuclease.activity	outcome	Survived	-0.1792345924903	0.460732163188987	25	15	0.697260442233419	0.999989887165062
GO.0001172.transcription..RNA.templated.transcription..RNA.templated	outcome	Survived	-0.248373531675594	0.438786071641903	25	15	0.571361842861417	0.999989887165062
GO.0001882.nucleoside.binding.nucleoside.binding	outcome	Survived	28.4311668450827	37016.9738661723	25	2	0.999387178786603	0.999989887165062
GO.0001883.purine.nucleoside.binding.purine.nucleoside.binding	outcome	Survived	33.4691807729321	49321.093478823	25	2	0.99945855741087	0.999989887165062
GO.0001959.regulation.of.cytokine.mediated.signaling.pathway.regulation.of.cytokine.mediated.signaling.pathway	outcome	Survived	-0.19836653182108	0.456161044689609	25	15	0.663663509415075	0.999989887165062
GO.0001960.negative.regulation.of.cytokine.mediated.signaling.pathway.negative.regulation.of.cytokine.mediated.signaling.pathway	outcome	Survived	-0.19836653182108	0.456161044689609	25	15	0.663663509415075	0.999989887165062
GO.0002682.regulation.of.immune.system.process.regulation.of.immune.system.process	outcome	Survived	-0.256599442844874	0.535895230973742	25	15	0.63206391472943	0.999989887165062
GO.0002683.negative.regulation.of.immune.system.process.negative.regulation.of.immune.system.process	outcome	Survived	-0.198851430146834	0.45633732450108	25	15	0.663014242998294	0.999989887165062
GO.0002831.regulation.of.response.to.biotic.stimulus.regulation.of.response.to.biotic.stimulus	outcome	Survived	-0.198368257300628	0.456150765232949	25	15	0.663653649999298	0.999989887165062
GO.0002832.negative.regulation.of.response.to.biotic.stimulus.negative.regulation.of.response.to.biotic.stimulus	outcome	Survived	-0.198370084022645	0.456157863114235	25	15	0.663655655013533	0.999989887165062
GO.0003735.structural.constituent.of.ribosome.structural.constituent.of.ribosome	outcome	Survived	18.827396569122	8134.72504596686	25	2	0.998153339474125	0.999989887165062
GO.0003916.DNA.topoisomerase.activity.DNA.topoisomerase.activity	outcome	Survived	38.4707313297273	102006.47415044	25	2	0.999699085748245	0.999989887165062
GO.0003960.NADPH.quinone.reductase.activity.NADPH.quinone.reductase.activity	outcome	Survived	29.4884612545612	848868.03694595	25	2	0.999972282631778	0.999989887165062
GO.0003964.RNA.directed.DNA.polymerase.activity.RNA.directed.DNA.polymerase.activity	outcome	Survived	-28.0464506760975	39129.6690955085	25	6	0.999428110981233	0.999989887165062
GO.0003968.RNA.directed.5.3.RNA.polymerase.activity.RNA.directed.5.3.RNA.polymerase.activity	outcome	Survived	-0.248373531675594	0.438786071641903	25	15	0.571361842861417	0.999989887165062
GO.0004190.aspartic.type.endopeptidase.activity.aspartic.type.endopeptidase.activity	outcome	Survived	-29.4515164317231	73473.0395062054	25	6	0.999680169627094	0.999989887165062
GO.0004197.cysteine.type.endopeptidase.activity.cysteine.type.endopeptidase.activity	outcome	Survived	-0.31727251122346	0.546742477631018	25	15	0.561714977022211	0.999989887165062
GO.0004518.nuclease.activity.nuclease.activity	outcome	Survived	0.052824088119169	0.135442579406745	25	25	0.696528455072149	0.999989887165062
GO.0004519.endonuclease.activity.endonuclease.activity	outcome	Survived	0.117462383049911	0.31880147947908	25	25	0.712537772554516	0.999989887165062
GO.0004521.endoribonuclease.activity.endoribonuclease.activity	outcome	Survived	-29.7613519797476	83307.7353105148	25	6	0.99971495896918	0.999989887165062
GO.0004523.RNA.DNA.hybrid.ribonuclease.activity.RNA.DNA.hybrid.ribonuclease.activity	outcome	Survived	-30.1732558808384	94952.0756298778	25	6	0.999746453413982	0.999989887165062
GO.0004533.exoribonuclease.H.activity.exoribonuclease.H.activity	outcome	Survived	-26.5139527762589	19984.3822539211	25	6	0.99894142000033	0.999989887165062
GO.0004553.hydrolase.activity..hydrolyzing.O.glycosyl.compounds.hydrolase.activity..hydrolyzing.O.glycosyl.compounds	outcome	Survived	-0.648013443517819	2.12140933708861	25	9	0.760013049354478	0.999989887165062
GO.0004672.protein.kinase.activity.protein.kinase.activity	outcome	Survived	26.1896490131989	717423.938054732	25	8	0.999970873126073	0.999989887165062
GO.0004673.protein.histidine.kinase.activity.protein.histidine.kinase.activity	outcome	Survived	29.6185486660685	110494.402182346	25	7	0.99978612326105	0.999989887165062
GO.0004812.aminoacyl.tRNA.ligase.activity.aminoacyl.tRNA.ligase.activity	outcome	Survived	30.643223914157	23600.3295575923	25	6	0.998964008179433	0.999989887165062
GO.0005525.GTP.binding.GTP.binding	outcome	Survived	33.327656863699	45851.5791041821	25	2	0.999420050060711	0.999989887165062
GO.0006091.generation.of.precursor.metabolites.and.energy.generation.of.precursor.metabolites.and.energy	outcome	Survived	21.5170831806538	14543.8466670323	25	9	0.998819559735919	0.999989887165062
GO.0006164.purine.nucleotide.biosynthetic.process.purine.nucleotide.biosynthetic.process	outcome	Survived	38.0448002556766	20373.0034985394	25	6	0.998510021308231	0.999989887165062
GO.0006220.pyrimidine.nucleotide.metabolic.process.pyrimidine.nucleotide.metabolic.process	outcome	Survived	-41.4405866917551	38084.6532339684	25	8	0.999131807828627	0.999989887165062
GO.0006221.pyrimidine.nucleotide.biosynthetic.process.pyrimidine.nucleotide.biosynthetic.process	outcome	Survived	-26.2724419156228	18303.3920490074	25	6	0.998854727663337	0.999989887165062
GO.0006278.RNA.dependent.DNA.biosynthetic.process.RNA.dependent.DNA.biosynthetic.process	outcome	Survived	-28.045380958503	39113.1474038431	25	6	0.999427891232579	0.999989887165062
GO.0006355.regulation.of.transcription..DNA.templated.regulation.of.transcription..DNA.templated	outcome	Survived	30.9519919239854	19246.3698381829	25	10	0.998716843433613	0.999989887165062
GO.0006399.tRNA.metabolic.process.tRNA.metabolic.process	outcome	Survived	32.813216720362	14633.6457756691	25	11	0.998210894436482	0.999989887165062
GO.0006412.translation.translation	outcome	Survived	38.8620949932874	23949.4220032464	25	8	0.998705294349737	0.999989887165062
GO.0006457.protein.folding.protein.folding	outcome	Survived	24.9917517510342	36397.5626474663	25	2	0.999452146521573	0.999989887165062
GO.0006464.cellular.protein.modification.process.cellular.protein.modification.process	outcome	Survived	27.354766322537	19087.7743204587	25	9	0.998856548810997	0.999989887165062
GO.0006518.peptide.metabolic.process.peptide.metabolic.process	outcome	Survived	42.0818292351707	22688.6559968776	25	9	0.998520122893545	0.999989887165062
GO.0006629.lipid.metabolic.process.lipid.metabolic.process	outcome	Survived	39.1049132208007	26279.9120762131	25	10	0.998812735944257	0.999989887165062
GO.0006771.riboflavin.metabolic.process.riboflavin.metabolic.process	outcome	Survived	0.883311868703573	1.15448843775458	25	8	0.444205416398288	0.999989887165062
GO.0006790.sulfur.compound.metabolic.process.sulfur.compound.metabolic.process	outcome	Survived	47.3742887879735	1500552.92944916	25	6	0.999974809809868	0.999989887165062
GO.0006807.nitrogen.compound.metabolic.process.nitrogen.compound.metabolic.process	outcome	Survived	0.0293890926395875	0.147182102056775	25	25	0.841732076023994	0.999989887165062
GO.0006812.cation.transport.cation.transport	outcome	Survived	26.6331600694221	16612.3656265317	25	10	0.998720821669874	0.999989887165062
GO.0006820.anion.transport.anion.transport	outcome	Survived	-1.16388138209775	3.94464553734642	25	9	0.767953028205875	0.999989887165062
GO.0006950.response.to.stress.response.to.stress	outcome	Survived	44.0220510315673	20242.4838851701	25	11	0.998264813381328	0.999989887165062
GO.0006974.cellular.response.to.DNA.damage.stimulus.cellular.response.to.DNA.damage.stimulus	outcome	Survived	34.7657294287518	20872.6432986003	25	10	0.99867103435183	0.999989887165062
GO.0006996.organelle.organization.organelle.organization	outcome	Survived	22.2088209013013	74669.1953424764	25	7	0.999762685603236	0.999989887165062
GO.0008033.tRNA.processing.tRNA.processing	outcome	Survived	27.2998636901741	64278.604557052	25	5	0.999661129247505	0.999989887165062
GO.0008104.protein.localization.protein.localization	outcome	Survived	47.7034956086116	1292472.89813667	25	8	0.999970551117406	0.999989887165062
GO.0008135.translation.factor.activity..RNA.binding.translation.factor.activity..RNA.binding	outcome	Survived	28.7081813195097	37035.9722145537	25	2	0.999381525285281	0.999989887165062
GO.0008168.methyltransferase.activity.methyltransferase.activity	outcome	Survived	0.120703578218439	0.216678893521156	25	23	0.577485067954238	0.999989887165062
GO.0008234.cysteine.type.peptidase.activity.cysteine.type.peptidase.activity	outcome	Survived	-0.0296429592600279	0.390701184458867	25	19	0.939521587067014	0.999989887165062
GO.0008236.serine.type.peptidase.activity.serine.type.peptidase.activity	outcome	Survived	40.4394317789578	174810.649848346	25	7	0.999815423156402	0.999989887165062
GO.0008237.metallopeptidase.activity.metallopeptidase.activity	outcome	Survived	22.3956002182465	15589.9360849002	25	6	0.998853805596072	0.999989887165062
GO.0008238.exopeptidase.activity.exopeptidase.activity	outcome	Survived	19.5323125959575	14012.7466085397	25	5	0.998887832196941	0.999989887165062
GO.0008324.cation.transmembrane.transporter.activity.cation.transmembrane.transporter.activity	outcome	Survived	31.7046397901375	1500552.98159813	25	7	0.99998314178646	0.999989887165062
GO.0008408.3.5.exonuclease.activity.3.5.exonuclease.activity	outcome	Survived	-0.183123479390169	0.455945484052042	25	15	0.687952966470941	0.999989887165062
GO.0008509.anion.transmembrane.transporter.activity.anion.transmembrane.transporter.activity	outcome	Survived	20.6691502475242	18033.704482685	25	3	0.999085512781215	0.999989887165062
GO.0008610.lipid.biosynthetic.process.lipid.biosynthetic.process	outcome	Survived	25.9375650143791	42820.9710628301	25	6	0.999516704528397	0.999989887165062
GO.0008643.carbohydrate.transport.carbohydrate.transport	outcome	Survived	45.4285423563137	168855.920564419	25	5	0.99978533928803	0.999989887165062
GO.0009055.electron.transfer.activity.electron.transfer.activity	outcome	Survived	49.3001556384142	60822.9824234575	25	5	0.999353273595695	0.999989887165062
GO.0009064.glutamine.family.amino.acid.metabolic.process.glutamine.family.amino.acid.metabolic.process	outcome	Survived	26.3135358971123	357437.679615508	25	5	0.999941262029129	0.999989887165062
GO.0009123.nucleoside.monophosphate.metabolic.process.nucleoside.monophosphate.metabolic.process	outcome	Survived	-26.8558976034163	24292.5288412014	25	6	0.99911792214637	0.999989887165062
GO.0009141.nucleoside.triphosphate.metabolic.process.nucleoside.triphosphate.metabolic.process	outcome	Survived	-35.3402121588235	1332469.9380116	25	6	0.999978838239536	0.999989887165062
GO.0009147.pyrimidine.nucleoside.triphosphate.metabolic.process.pyrimidine.nucleoside.triphosphate.metabolic.process	outcome	Survived	-28.9322523148337	74194.9444366377	25	6	0.999688865636042	0.999989887165062
GO.0009150.purine.ribonucleotide.metabolic.process.purine.ribonucleotide.metabolic.process	outcome	Survived	32.68948207417	229954.376548003	25	8	0.999886575618384	0.999989887165062
GO.0009157.deoxyribonucleoside.monophosphate.biosynthetic.process.deoxyribonucleoside.monophosphate.biosynthetic.process	outcome	Survived	-26.780270962068	21851.2354104737	25	6	0.999022134950988	0.999989887165062
GO.0009162.deoxyribonucleoside.monophosphate.metabolic.process.deoxyribonucleoside.monophosphate.metabolic.process	outcome	Survived	-26.780270962068	21851.2354104737	25	6	0.999022134950988	0.999989887165062
GO.0009166.nucleotide.catabolic.process.nucleotide.catabolic.process	outcome	Survived	-26.1362183185329	17680.1074688382	25	6	0.998820500524923	0.999989887165062
GO.0009200.deoxyribonucleoside.triphosphate.metabolic.process.deoxyribonucleoside.triphosphate.metabolic.process	outcome	Survived	-27.5733571330253	41557.8632381773	25	6	0.999470609106977	0.999989887165062
GO.0009211.pyrimidine.deoxyribonucleoside.triphosphate.metabolic.process.pyrimidine.deoxyribonucleoside.triphosphate.metabolic.process	outcome	Survived	-27.5645660635419	41405.7058818833	25	6	0.999468833109003	0.999989887165062
GO.0009219.pyrimidine.deoxyribonucleotide.metabolic.process.pyrimidine.deoxyribonucleotide.metabolic.process	outcome	Survived	-46.4911287808457	130091.619868696	25	8	0.999714858242857	0.999989887165062
GO.0009231.riboflavin.biosynthetic.process.riboflavin.biosynthetic.process	outcome	Survived	0.883311868703573	1.15448843775458	25	8	0.444205416398288	0.999989887165062
GO.0009259.ribonucleotide.metabolic.process.ribonucleotide.metabolic.process	outcome	Survived	40.940938228984	730480.562132355	25	9	0.999955281298102	0.999989887165062
GO.0009262.deoxyribonucleotide.metabolic.process.deoxyribonucleotide.metabolic.process	outcome	Survived	-47.7439194587665	192795.679729503	25	8	0.99980241188043	0.999989887165062
GO.0009394.2.deoxyribonucleotide.metabolic.process.2.deoxyribonucleotide.metabolic.process	outcome	Survived	-46.4854490534912	129881.106869677	25	8	0.999714430973035	0.999989887165062
GO.0009451.RNA.modification.RNA.modification	outcome	Survived	27.1934770104711	483683.978244152	25	6	0.999955141670128	0.999989887165062
GO.0009966.regulation.of.signal.transduction.regulation.of.signal.transduction	outcome	Survived	-0.202754557091464	0.456944985355905	25	15	0.657246729860274	0.999989887165062
GO.0009968.negative.regulation.of.signal.transduction.negative.regulation.of.signal.transduction	outcome	Survived	-0.262422196494547	0.538931433336473	25	15	0.626307525711497	0.999989887165062
GO.0010468.regulation.of.gene.expression.regulation.of.gene.expression	outcome	Survived	-0.10703249171475	0.26931224989983	25	23	0.691051151459212	0.999989887165062
GO.0010506.regulation.of.autophagy.regulation.of.autophagy	outcome	Survived	-0.323580688973717	0.548355401972429	25	15	0.555128295746062	0.999989887165062
GO.0010508.positive.regulation.of.autophagy.positive.regulation.of.autophagy	outcome	Survived	-0.246832662538131	0.439335892008584	25	15	0.57423095321418	0.999989887165062
GO.0010604.positive.regulation.of.macromolecule.metabolic.process.positive.regulation.of.macromolecule.metabolic.process	outcome	Survived	-0.267308617403801	0.536244185911394	25	15	0.618143639409557	0.999989887165062
GO.0010646.regulation.of.cell.communication.regulation.of.cell.communication	outcome	Survived	-0.269609343933244	0.542825720132171	25	15	0.619416462537372	0.999989887165062
GO.0010648.negative.regulation.of.cell.communication.negative.regulation.of.cell.communication	outcome	Survived	-0.262429291210645	0.538934846075987	25	15	0.62630038153073	0.999989887165062
GO.0010941.regulation.of.cell.death.regulation.of.cell.death	outcome	Survived	-0.326048596781147	0.54797083293599	25	15	0.551836211445378	0.999989887165062
GO.0015074.DNA.integration.DNA.integration	outcome	Survived	-35.4559263332428	648193.421779482	25	6	0.999956356027004	0.999989887165062
GO.0015291.secondary.active.transmembrane.transporter.activity.secondary.active.transmembrane.transporter.activity	outcome	Survived	23.2847592818196	63874.2827725885	25	3	0.999709138815889	0.999989887165062
GO.0015399.primary.active.transmembrane.transporter.activity.primary.active.transmembrane.transporter.activity	outcome	Survived	1.29591794076833	1.88311236381451	25	9	0.491340214560367	0.999989887165062
GO.0015672.monovalent.inorganic.cation.transport.monovalent.inorganic.cation.transport	outcome	Survived	29.3078148907954	973615.521006303	25	6	0.999975982045783	0.999989887165062
GO.0015833.peptide.transport.peptide.transport	outcome	Survived	66.2681553118655	969846.08371837	25	9	0.999945481722468	0.999989887165062
GO.0015849.organic.acid.transport.organic.acid.transport	outcome	Survived	27.0627511206141	474436.4503202	25	3	0.999954487157836	0.999989887165062
GO.0016052.carbohydrate.catabolic.process.carbohydrate.catabolic.process	outcome	Survived	30.422307650375	26961.6471834356	25	3	0.99909970320944	0.999989887165062
GO.0016054.organic.acid.catabolic.process.organic.acid.catabolic.process	outcome	Survived	34.882048054887	727897.829605564	25	5	0.999961764073954	0.999989887165062
GO.0016614.oxidoreductase.activity..acting.on.CH.OH.group.of.donors.oxidoreductase.activity..acting.on.CH.OH.group.of.donors	outcome	Survived	31.8170172692048	875539.918778415	25	7	0.999971004969277	0.999989887165062
GO.0016616.oxidoreductase.activity..acting.on.the.CH.OH.group.of.donors..NAD.or.NADP.as.acceptor.oxidoreductase.activity..acting.on.the.CH.OH.group.of.donors..NAD.or.NADP.as.acceptor	outcome	Survived	34.2579020217354	198759.301552412	25	6	0.999862477626155	0.999989887165062
GO.0016627.oxidoreductase.activity..acting.on.the.CH.CH.group.of.donors.oxidoreductase.activity..acting.on.the.CH.CH.group.of.donors	outcome	Survived	60.0273771308001	313109.474945554	25	5	0.999847034596596	0.999989887165062
GO.0016651.oxidoreductase.activity..acting.on.NAD.P.H.oxidoreductase.activity..acting.on.NAD.P.H	outcome	Survived	55.3587876991261	34132.8105801452	25	7	0.99870594006486	0.999989887165062
GO.0016655.oxidoreductase.activity..acting.on.NAD.P.H..quinone.or.similar.compound.as.acceptor.oxidoreductase.activity..acting.on.NAD.P.H..quinone.or.similar.compound.as.acceptor	outcome	Survived	24.5657975272311	76558.4750926217	25	2	0.999743977786774	0.999989887165062
GO.0016747.transferase.activity..transferring.acyl.groups.other.than.amino.acyl.groups.transferase.activity..transferring.acyl.groups.other.than.amino.acyl.groups	outcome	Survived	27.590086824085	559668.289499817	25	5	0.999960666514948	0.999989887165062
GO.0016769.transferase.activity..transferring.nitrogenous.groups.transferase.activity..transferring.nitrogenous.groups	outcome	Survived	25.2374633538313	128912.562664036	25	5	0.999843796587244	0.999989887165062
GO.0016779.nucleotidyltransferase.activity.nucleotidyltransferase.activity	outcome	Survived	-0.0037739426634704	0.15563984741533	25	25	0.980654854235028	0.999989887165062
GO.0016788.hydrolase.activity..acting.on.ester.bonds.hydrolase.activity..acting.on.ester.bonds	outcome	Survived	0.0674746139794999	0.10482567042129	25	25	0.519780323123413	0.999989887165062
GO.0016798.hydrolase.activity..acting.on.glycosyl.bonds.hydrolase.activity..acting.on.glycosyl.bonds	outcome	Survived	-0.600238647845762	1.944364636944	25	10	0.757544546125696	0.999989887165062
GO.0016810.hydrolase.activity..acting.on.carbon.nitrogen..but.not.peptide..bonds.hydrolase.activity..acting.on.carbon.nitrogen..but.not.peptide..bonds	outcome	Survived	30.796157344644	65495.4403554053	25	6	0.999624832241167	0.999989887165062
GO.0016830.carbon.carbon.lyase.activity.carbon.carbon.lyase.activity	outcome	Survived	0.877487262635341	1.08177692942687	25	13	0.417277461707255	0.999989887165062
GO.0016835.carbon.oxygen.lyase.activity.carbon.oxygen.lyase.activity	outcome	Survived	21.727466436117	24218.780508921	25	5	0.99928419155197	0.999989887165062
GO.0016874.ligase.activity.ligase.activity	outcome	Survived	22.0156037711815	12867.0642390721	25	11	0.998634816656807	0.999989887165062
GO.0016875.ligase.activity..forming.carbon.oxygen.bonds.ligase.activity..forming.carbon.oxygen.bonds	outcome	Survived	30.643223914157	23600.3295575923	25	6	0.998964008179433	0.999989887165062
GO.0016891.endoribonuclease.activity..producing.5.phosphomonoesters.endoribonuclease.activity..producing.5.phosphomonoesters	outcome	Survived	-30.20368965924	98595.5102712388	25	6	0.999755576524578	0.999989887165062
GO.0017171.serine.hydrolase.activity.serine.hydrolase.activity	outcome	Survived	40.077256894063	157305.607485105	25	7	0.999796720379646	0.999989887165062
GO.0018193.peptidyl.amino.acid.modification.peptidyl.amino.acid.modification	outcome	Survived	22.3704375961353	25448.6086517195	25	4	0.999298624741261	0.999989887165062
GO.0019001.guanyl.nucleotide.binding.guanyl.nucleotide.binding	outcome	Survived	32.4082541346564	40400.9641200209	25	2	0.999359964708598	0.999989887165062
GO.0019043.establishment.of.viral.latency.establishment.of.viral.latency	outcome	Survived	-30.9106449173045	127261.801039695	25	6	0.999806201657528	0.999989887165062
GO.0019056.modulation.by.virus.of.host.transcription.modulation.by.virus.of.host.transcription	outcome	Survived	-0.278814489259308	0.526366105309246	25	15	0.596322104211076	0.999989887165062
GO.0019062.virion.attachment.to.host.cell.virion.attachment.to.host.cell	outcome	Survived	0.457778468753032	0.848767191913058	25	8	0.589648720137093	0.999989887165062
GO.0019079.viral.genome.replication.viral.genome.replication	outcome	Survived	-0.0254670554574936	0.389061358869994	25	19	0.9478095973758	0.999989887165062
GO.0019082.viral.protein.processing.viral.protein.processing	outcome	Survived	-0.31452975443122	0.546219196373066	25	15	0.564729654932777	0.999989887165062
GO.0019083.viral.transcription.viral.transcription	outcome	Survived	-0.179119184145947	0.460906834809686	25	15	0.697554749480871	0.999989887165062
GO.0019219.regulation.of.nucleobase.containing.compound.metabolic.process.regulation.of.nucleobase.containing.compound.metabolic.process	outcome	Survived	-0.00339360671527393	0.255858464586763	25	23	0.989417481189975	0.999989887165062
GO.0019222.regulation.of.metabolic.process.regulation.of.metabolic.process	outcome	Survived	-0.20533112434805	0.303384123527837	25	24	0.498531290397627	0.999989887165062
GO.0019439.aromatic.compound.catabolic.process.aromatic.compound.catabolic.process	outcome	Survived	-26.0940323714795	17303.395088885	25	6	0.998796766902679	0.999989887165062
GO.0019692.deoxyribose.phosphate.metabolic.process.deoxyribose.phosphate.metabolic.process	outcome	Survived	-46.4647359480259	129154.626579795	25	8	0.999712952639663	0.999989887165062
GO.0019783.ubiquitin.like.protein.specific.protease.activity.ubiquitin.like.protein.specific.protease.activity	outcome	Survived	51.7936927099298	73813.867609787	25	6	0.9994401406442	0.999989887165062
GO.0019784.NEDD8.specific.protease.activity.NEDD8.specific.protease.activity	outcome	Survived	51.797762725331	73802.7047708041	25	6	0.999440011963002	0.999989887165062
GO.0019843.rRNA.binding.rRNA.binding	outcome	Survived	23.4981183661421	41166.4513035844	25	2	0.999544561548532	0.999989887165062
GO.0022610.biological.adhesion.biological.adhesion	outcome	Survived	0.508434125670152	0.817259225841917	25	10	0.533862308307051	0.999989887165062
GO.0022853.active.ion.transmembrane.transporter.activity.active.ion.transmembrane.transporter.activity	outcome	Survived	2.14380275318085	3.75312620691875	25	6	0.567860996647097	0.999989887165062
GO.0023051.regulation.of.signaling.regulation.of.signaling	outcome	Survived	-0.269602574092944	0.542820279361815	25	15	0.619421747574274	0.999989887165062
GO.0023057.negative.regulation.of.signaling.negative.regulation.of.signaling	outcome	Survived	-0.262429291210645	0.538934846075987	25	15	0.62630038153073	0.999989887165062
GO.0030001.metal.ion.transport.metal.ion.transport	outcome	Survived	28.3840148191226	59508.5017114479	25	7	0.999619429733774	0.999989887165062
GO.0031323.regulation.of.cellular.metabolic.process.regulation.of.cellular.metabolic.process	outcome	Survived	-0.168663241264382	0.283872788547488	25	23	0.552411263732792	0.999989887165062
GO.0031396.regulation.of.protein.ubiquitination.regulation.of.protein.ubiquitination	outcome	Survived	-0.200530724676536	0.454508046272011	25	15	0.659065386750903	0.999989887165062
GO.0031399.regulation.of.protein.modification.process.regulation.of.protein.modification.process	outcome	Survived	-0.272856417111628	0.544948171493542	25	15	0.616581151584891	0.999989887165062
GO.0032101.regulation.of.response.to.external.stimulus.regulation.of.response.to.external.stimulus	outcome	Survived	-0.251609396283469	0.533078868916333	25	15	0.636931916655317	0.999989887165062
GO.0032102.negative.regulation.of.response.to.external.stimulus.negative.regulation.of.response.to.external.stimulus	outcome	Survived	-0.250382500050137	0.532943746439713	25	15	0.638490503074063	0.999989887165062
GO.0032259.methylation.methylation	outcome	Survived	0.0231287859114052	0.227785146992414	25	23	0.919123611038386	0.999989887165062
GO.0032549.ribonucleoside.binding.ribonucleoside.binding	outcome	Survived	28.5103800075438	38149.5403744517	25	2	0.999403715229859	0.999989887165062
GO.0032550.purine.ribonucleoside.binding.purine.ribonucleoside.binding	outcome	Survived	33.5235148276538	50186.6891966722	25	2	0.999467032128561	0.999989887165062
GO.0032561.guanyl.ribonucleotide.binding.guanyl.ribonucleotide.binding	outcome	Survived	32.4082541346564	40400.9641200209	25	2	0.999359964708598	0.999989887165062
GO.0032774.RNA.biosynthetic.process.RNA.biosynthetic.process	outcome	Survived	-0.150695274899533	0.27439761585338	25	23	0.582877946548817	0.999989887165062
GO.0032787.monocarboxylic.acid.metabolic.process.monocarboxylic.acid.metabolic.process	outcome	Survived	26.497642359757	16503.3785787435	25	8	0.998718925912539	0.999989887165062
GO.0033036.macromolecule.localization.macromolecule.localization	outcome	Survived	49.1079853010843	3874532.06960854	25	8	0.999989887165062	0.999989887165062
GO.0034061.DNA.polymerase.activity.DNA.polymerase.activity	outcome	Survived	-31.1210789433583	155276.313091326	25	6	0.999840084892899	0.999989887165062
GO.0034062.5.3.RNA.polymerase.activity.5.3.RNA.polymerase.activity	outcome	Survived	-0.378087689980421	0.650808541676176	25	16	0.561273668113427	0.999989887165062
GO.0034404.nucleobase.containing.small.molecule.biosynthetic.process.nucleobase.containing.small.molecule.biosynthetic.process	outcome	Survived	-26.216132371991	18403.3915985607	25	6	0.998863392104819	0.999989887165062
GO.0034655.nucleobase.containing.compound.catabolic.process.nucleobase.containing.compound.catabolic.process	outcome	Survived	-26.9259911757545	22244.8099613273	25	6	0.999034209443255	0.999989887165062
GO.0034660.ncRNA.metabolic.process.ncRNA.metabolic.process	outcome	Survived	25.7147487893519	15666.4569183876	25	11	0.99869036171114	0.999989887165062
GO.0036211.protein.modification.process.protein.modification.process	outcome	Survived	27.354766322537	19087.7743204587	25	9	0.998856548810997	0.999989887165062
GO.0036459.thiol.dependent.ubiquitin.specific.protease.activity.thiol.dependent.ubiquitin.specific.protease.activity	outcome	Survived	-0.200570431425616	0.454882382583905	25	15	0.659265039138188	0.999989887165062
GO.0039502.suppression.by.virus.of.host.type.I.interferon.mediated.signaling.pathway.suppression.by.virus.of.host.type.I.interferon.mediated.signaling.pathway	outcome	Survived	-0.198366424216692	0.456161157896667	25	15	0.663663758988178	0.999989887165062
GO.0039519.modulation.by.virus.of.host.autophagy.modulation.by.virus.of.host.autophagy	outcome	Survived	-0.323660533202682	0.548392342190374	25	15	0.555057338768442	0.999989887165062
GO.0039520.induction.by.virus.of.host.autophagy.induction.by.virus.of.host.autophagy	outcome	Survived	-0.246862519721132	0.43933116033366	25	15	0.574180523428386	0.999989887165062
GO.0039579.suppression.by.virus.of.host.ISG15.activity.suppression.by.virus.of.host.ISG15.activity	outcome	Survived	-0.199721423018877	0.455435450708205	25	15	0.661003218214849	0.999989887165062
GO.0039595.induction.by.virus.of.catabolism.of.host.mRNA.induction.by.virus.of.catabolism.of.host.mRNA	outcome	Survived	-0.199721423018877	0.455435450708205	25	15	0.661003218214849	0.999989887165062
GO.0039644.suppression.by.virus.of.host.NF.kappaB.transcription.factor.activity.suppression.by.virus.of.host.NF.kappaB.transcription.factor.activity	outcome	Survived	-0.201209775571085	0.455463941146682	25	15	0.658656491247494	0.999989887165062
GO.0039648.modulation.by.virus.of.host.protein.ubiquitination.modulation.by.virus.of.host.protein.ubiquitination	outcome	Survived	-0.200564659035292	0.454849290453927	25	15	0.659251002409883	0.999989887165062
GO.0039653.suppression.by.virus.of.host.transcription.suppression.by.virus.of.host.transcription	outcome	Survived	-0.278770024058675	0.526332534812106	25	15	0.59635725973927	0.999989887165062
GO.0039663.membrane.fusion.involved.in.viral.entry.into.host.cell.membrane.fusion.involved.in.viral.entry.into.host.cell	outcome	Survived	0.553959417727467	0.825313351393224	25	8	0.50208610836911	0.999989887165062
GO.0039693.viral.DNA.genome.replication.viral.DNA.genome.replication	outcome	Survived	58.9788000662669	341602.507545057	25	6	0.999862242598592	0.999989887165062
GO.0039694.viral.RNA.genome.replication.viral.RNA.genome.replication	outcome	Survived	-0.355222975997224	0.597078012017964	25	16	0.551886507605098	0.999989887165062
GO.0042626.ATPase.coupled.transmembrane.transporter.activity.ATPase.coupled.transmembrane.transporter.activity	outcome	Survived	1.01028045746339	2.02831417569219	25	9	0.618421494756583	0.999989887165062
GO.0042726.flavin.containing.compound.metabolic.process.flavin.containing.compound.metabolic.process	outcome	Survived	0.908106578962653	1.12852101733145	25	8	0.42100012527079	0.999989887165062
GO.0042727.flavin.containing.compound.biosynthetic.process.flavin.containing.compound.biosynthetic.process	outcome	Survived	0.908361582560693	1.12844726145307	25	8	0.420839349138543	0.999989887165062
GO.0042802.identical.protein.binding.identical.protein.binding	outcome	Survived	-0.16257905316107	0.457423275093318	25	15	0.722272228709615	0.999989887165062
GO.0042886.amide.transport.amide.transport	outcome	Survived	43.8759478030972	49899.2807362865	25	9	0.999298428027117	0.999989887165062
GO.0043038.amino.acid.activation.amino.acid.activation	outcome	Survived	42.7334642054438	26381.1883128994	25	6	0.998707550395235	0.999989887165062
GO.0043039.tRNA.aminoacylation.tRNA.aminoacylation	outcome	Survived	43.4500342934546	30719.1251649539	25	6	0.998871448982242	0.999989887165062
GO.0043067.regulation.of.programmed.cell.death.regulation.of.programmed.cell.death	outcome	Survived	-0.325720702460477	0.54796660162174	25	15	0.552233193326117	0.999989887165062
GO.0043170.macromolecule.metabolic.process.macromolecule.metabolic.process	outcome	Survived	0.0232345843259229	0.120589169379976	25	25	0.847213074268007	0.999989887165062
GO.0043414.macromolecule.methylation.macromolecule.methylation	outcome	Survived	38.3720354862329	16278.834727188	25	4	0.998119249513742	0.999989887165062
GO.0044282.small.molecule.catabolic.process.small.molecule.catabolic.process	outcome	Survived	35.5676658338217	612610.932867416	25	6	0.99995367550611	0.999989887165062
GO.0044283.small.molecule.biosynthetic.process.small.molecule.biosynthetic.process	outcome	Survived	0.287406809388611	0.480249075535646	25	19	0.549537280904304	0.999989887165062
GO.0044406.adhesion.of.symbiont.to.host.adhesion.of.symbiont.to.host	outcome	Survived	0.457727358752155	0.848780992997902	25	8	0.589696312696938	0.999989887165062
GO.0044409.entry.into.host.entry.into.host	outcome	Survived	-49.3596941481201	50959.1887129579	25	8	0.999227159365698	0.999989887165062
GO.0044501.modulation.of.signal.transduction.in.other.organism.modulation.of.signal.transduction.in.other.organism	outcome	Survived	-0.274823606452631	0.552386592895171	25	15	0.618822110843129	0.999989887165062
GO.0044650.adhesion.of.symbiont.to.host.cell.adhesion.of.symbiont.to.host.cell	outcome	Survived	0.457749957860526	0.848774883605343	25	8	0.58967526577644	0.999989887165062
GO.0044764.multi.organism.cellular.process.multi.organism.cellular.process	outcome	Survived	0.507559064104866	0.843024285148182	25	8	0.547127990857309	0.999989887165062
GO.0044800.multi.organism.membrane.fusion.multi.organism.membrane.fusion	outcome	Survived	0.553959417727467	0.825313351393224	25	8	0.50208610836911	0.999989887165062
GO.0044803.multi.organism.membrane.organization.multi.organism.membrane.organization	outcome	Survived	0.553959417727467	0.825313351393224	25	8	0.50208610836911	0.999989887165062
GO.0044826.viral.genome.integration.into.host.DNA.viral.genome.integration.into.host.DNA	outcome	Survived	-30.9106449173045	127261.801039695	25	6	0.999806201657528	0.999989887165062
GO.0045088.regulation.of.innate.immune.response.regulation.of.innate.immune.response	outcome	Survived	-0.198370009602304	0.456157854000424	25	15	0.66365576713368	0.999989887165062
GO.0045182.translation.regulator.activity.translation.regulator.activity	outcome	Survived	29.2062988751266	44613.644088664	25	2	0.999477665324988	0.999989887165062
GO.0045824.negative.regulation.of.innate.immune.response.negative.regulation.of.innate.immune.response	outcome	Survived	-0.198366424216692	0.456161157896667	25	15	0.663663758988178	0.999989887165062
GO.0045935.positive.regulation.of.nucleobase.containing.compound.metabolic.process.positive.regulation.of.nucleobase.containing.compound.metabolic.process	outcome	Survived	-0.208395974218129	0.455921853093153	25	15	0.647608478957044	0.999989887165062
GO.0046080.dUTP.metabolic.process.dUTP.metabolic.process	outcome	Survived	-27.1985382484153	35477.9732212114	25	6	0.999388316477839	0.999989887165062
GO.0046386.deoxyribose.phosphate.catabolic.process.deoxyribose.phosphate.catabolic.process	outcome	Survived	-26.7755945967002	21956.4489647552	25	6	0.999026990736338	0.999989887165062
GO.0046395.carboxylic.acid.catabolic.process.carboxylic.acid.catabolic.process	outcome	Survived	31.5190467467452	217873.864836086	25	5	0.99988457284355	0.999989887165062
GO.0046718.viral.entry.into.host.cell.viral.entry.into.host.cell	outcome	Survived	-49.3596941481201	50959.1887129579	25	8	0.999227159365698	0.999989887165062
GO.0046942.carboxylic.acid.transport.carboxylic.acid.transport	outcome	Survived	20.764679640585	20704.618107703	25	3	0.999199801009045	0.999989887165062
GO.0048523.negative.regulation.of.cellular.process.negative.regulation.of.cellular.process	outcome	Survived	-0.34007602013647	0.448597426776517	25	16	0.448398711278009	0.999989887165062
GO.0050660.flavin.adenine.dinucleotide.binding.flavin.adenine.dinucleotide.binding	outcome	Survived	28.8894060089578	949015.222856465	25	5	0.999975711231531	0.999989887165062
GO.0050776.regulation.of.immune.response.regulation.of.immune.response	outcome	Survived	-0.198939402409913	0.456382026693947	25	15	0.66290534716042	0.999989887165062
GO.0050777.negative.regulation.of.immune.response.negative.regulation.of.immune.response	outcome	Survived	-0.19836606532322	0.456159640399854	25	15	0.663663279989086	0.999989887165062
GO.0050789.regulation.of.biological.process.regulation.of.biological.process	outcome	Survived	-0.0741878265141166	0.256794216463578	25	25	0.772657971143071	0.999989887165062
GO.0050794.regulation.of.cellular.process.regulation.of.cellular.process	outcome	Survived	-0.0575819501732772	0.25905182265099	25	25	0.82409618769684	0.999989887165062
GO.0050896.response.to.stimulus.response.to.stimulus	outcome	Survived	0.226981320888175	0.324052974485671	25	25	0.483649373967459	0.999989887165062
GO.0051171.regulation.of.nitrogen.compound.metabolic.process.regulation.of.nitrogen.compound.metabolic.process	outcome	Survived	-0.0839447568680972	0.2675157404326	25	23	0.75367772141999	0.999989887165062
GO.0051173.positive.regulation.of.nitrogen.compound.metabolic.process.positive.regulation.of.nitrogen.compound.metabolic.process	outcome	Survived	-0.209241021851892	0.455748667365763	25	15	0.646151628984952	0.999989887165062
GO.0051252.regulation.of.RNA.metabolic.process.regulation.of.RNA.metabolic.process	outcome	Survived	-0.00875459365271809	0.259178300368306	25	23	0.973053967022844	0.999989887165062
GO.0051254.positive.regulation.of.RNA.metabolic.process.positive.regulation.of.RNA.metabolic.process	outcome	Survived	-0.261722430758656	0.535234072398188	25	15	0.624850996541568	0.999989887165062
GO.0051276.chromosome.organization.chromosome.organization	outcome	Survived	29.9445550443916	2268693.67767541	25	6	0.999989468698051	0.999989887165062
GO.0051539.4.iron..4.sulfur.cluster.binding.4.iron..4.sulfur.cluster.binding	outcome	Survived	19.690232501885	14732.1321919431	25	5	0.998933587641645	0.999989887165062
GO.0051704.multi.organism.process.multi.organism.process	outcome	Survived	0.505235730302831	0.844133669117335	25	8	0.549489188169705	0.999989887165062
GO.0051716.cellular.response.to.stimulus.cellular.response.to.stimulus	outcome	Survived	51.3642358424842	27038.9969160833	25	11	0.998484311151228	0.999989887165062
GO.0052026.modulation.by.symbiont.of.host.transcription.modulation.by.symbiont.of.host.transcription	outcome	Survived	-0.278814489259308	0.526366105309246	25	15	0.596322104211076	0.999989887165062
GO.0052027.modulation.by.symbiont.of.host.signal.transduction.pathway.modulation.by.symbiont.of.host.signal.transduction.pathway	outcome	Survived	-0.274823606452631	0.552386592895171	25	15	0.618822110843129	0.999989887165062
GO.0052029.suppression.by.symbiont.of.host.signal.transduction.pathway.suppression.by.symbiont.of.host.signal.transduction.pathway	outcome	Survived	-0.274823606452631	0.552386592895171	25	15	0.618822110843129	0.999989887165062
GO.0052040.modulation.by.symbiont.of.host.programmed.cell.death.modulation.by.symbiont.of.host.programmed.cell.death	outcome	Survived	-0.323995564777144	0.548168961238055	25	15	0.554486552948792	0.999989887165062
GO.0052312.modulation.of.transcription.in.other.organism.involved.in.symbiotic.interaction.modulation.of.transcription.in.other.organism.involved.in.symbiotic.interaction	outcome	Survived	-0.278814489259308	0.526366105309246	25	15	0.596322104211076	0.999989887165062
GO.0060255.regulation.of.macromolecule.metabolic.process.regulation.of.macromolecule.metabolic.process	outcome	Survived	-0.148921523381688	0.275981329569976	25	23	0.589467922984151	0.999989887165062
GO.0060338.regulation.of.type.I.interferon.mediated.signaling.pathway.regulation.of.type.I.interferon.mediated.signaling.pathway	outcome	Survived	-0.198366424216692	0.456161157896667	25	15	0.663663758988178	0.999989887165062
GO.0060339.negative.regulation.of.type.I.interferon.mediated.signaling.pathway.negative.regulation.of.type.I.interferon.mediated.signaling.pathway	outcome	Survived	-0.198366424216692	0.456161157896667	25	15	0.663663758988178	0.999989887165062
GO.0060759.regulation.of.response.to.cytokine.stimulus.regulation.of.response.to.cytokine.stimulus	outcome	Survived	-0.19836653182108	0.456161044689609	25	15	0.663663509415075	0.999989887165062
GO.0060761.negative.regulation.of.response.to.cytokine.stimulus.negative.regulation.of.response.to.cytokine.stimulus	outcome	Survived	-0.19836653182108	0.456161044689609	25	15	0.663663509415075	0.999989887165062
GO.0061013.regulation.of.mRNA.catabolic.process.regulation.of.mRNA.catabolic.process	outcome	Survived	-0.244489021534625	0.529460520056025	25	15	0.644246216227562	0.999989887165062
GO.0061014.positive.regulation.of.mRNA.catabolic.process.positive.regulation.of.mRNA.catabolic.process	outcome	Survived	-0.199721423018877	0.455435450708205	25	15	0.661003218214849	0.999989887165062
GO.0061024.membrane.organization.membrane.organization	outcome	Survived	0.263977630304787	0.703820320451627	25	13	0.707612906085628	0.999989887165062
GO.0061025.membrane.fusion.membrane.fusion	outcome	Survived	0.272177354335962	0.67328054744111	25	12	0.686024856125079	0.999989887165062
GO.0065007.biological.regulation.biological.regulation	outcome	Survived	-0.0555955771759545	0.24616305962092	25	25	0.821319192605714	0.999989887165062
GO.0070001.aspartic.type.peptidase.activity.aspartic.type.peptidase.activity	outcome	Survived	-29.4515164317231	73473.0395062054	25	6	0.999680169627094	0.999989887165062
GO.0071897.DNA.biosynthetic.process.DNA.biosynthetic.process	outcome	Survived	-29.6801923919537	83304.2397782834	25	6	0.999715724351687	0.999989887165062
GO.0072522.purine.containing.compound.biosynthetic.process.purine.containing.compound.biosynthetic.process	outcome	Survived	31.9826211504918	16993.5019220132	25	7	0.998498342208555	0.999989887165062
GO.0072529.pyrimidine.containing.compound.catabolic.process.pyrimidine.containing.compound.catabolic.process	outcome	Survived	-26.5460397464677	19965.8436727435	25	6	0.998939154820055	0.999989887165062
GO.0075044.positive.regulation.by.symbiont.of.host.autophagy.positive.regulation.by.symbiont.of.host.autophagy	outcome	Survived	-0.246862519721132	0.43933116033366	25	15	0.574180523428386	0.999989887165062
GO.0075071.modulation.by.symbiont.of.host.autophagy.modulation.by.symbiont.of.host.autophagy	outcome	Survived	-0.323660533202682	0.548392342190374	25	15	0.555057338768442	0.999989887165062
GO.0075109.modulation.by.symbiont.of.host.receptor.mediated.signal.transduction.modulation.by.symbiont.of.host.receptor.mediated.signal.transduction	outcome	Survived	-0.274814331118883	0.552374660144314	25	15	0.618826371874185	0.999989887165062
GO.0075111.suppression.by.symbiont.of.host.receptor.mediated.signal.transduction.suppression.by.symbiont.of.host.receptor.mediated.signal.transduction	outcome	Survived	-0.274814331118883	0.552374660144314	25	15	0.618826371874185	0.999989887165062
GO.0075112.modulation.by.symbiont.of.host.transmembrane.receptor.mediated.signal.transduction.modulation.by.symbiont.of.host.transmembrane.receptor.mediated.signal.transduction	outcome	Survived	-0.198366424216692	0.456161157896667	25	15	0.663663758988178	0.999989887165062
GO.0075114.suppression.by.symbiont.of.host.transmembrane.receptor.mediated.signal.transduction.suppression.by.symbiont.of.host.transmembrane.receptor.mediated.signal.transduction	outcome	Survived	-0.198366424216692	0.456161157896667	25	15	0.663663758988178	0.999989887165062
GO.0075713.establishment.of.integrated.proviral.latency.establishment.of.integrated.proviral.latency	outcome	Survived	-30.9106449173045	127261.801039695	25	6	0.999806201657528	0.999989887165062
GO.0080090.regulation.of.primary.metabolic.process.regulation.of.primary.metabolic.process	outcome	Survived	-0.0822645757350576	0.266978681180448	25	23	0.757982175445358	0.999989887165062
GO.0090079.translation.regulator.activity..nucleic.acid.binding.translation.regulator.activity..nucleic.acid.binding	outcome	Survived	28.7081813195097	37035.9722145537	25	2	0.999381525285281	0.999989887165062
GO.0090305.nucleic.acid.phosphodiester.bond.hydrolysis.nucleic.acid.phosphodiester.bond.hydrolysis	outcome	Survived	-0.152465751009905	0.19315008034849	25	25	0.429899196700504	0.999989887165062
GO.0090502.RNA.phosphodiester.bond.hydrolysis..endonucleolytic.RNA.phosphodiester.bond.hydrolysis..endonucleolytic	outcome	Survived	-29.9496738683102	90258.9335870673	25	6	0.999735246351886	0.999989887165062
GO.0097659.nucleic.acid.templated.transcription.nucleic.acid.templated.transcription	outcome	Survived	-0.237172106248506	0.330547783092406	25	22	0.473058038228826	0.999989887165062
GO.0097747.RNA.polymerase.activity.RNA.polymerase.activity	outcome	Survived	-0.378087689980421	0.650808541676176	25	16	0.561273668113427	0.999989887165062
GO.0098655.cation.transmembrane.transport.cation.transmembrane.transport	outcome	Survived	29.9279533491249	1500599.91490452	25	6	0.999984086996357	0.999989887165062
GO.0098662.inorganic.cation.transmembrane.transport.inorganic.cation.transmembrane.transport	outcome	Survived	25.6521405646083	193927.90832318	25	6	0.999894458476733	0.999989887165062
GO.0098772.molecular.function.regulator.molecular.function.regulator	outcome	Survived	11.2583791532466	446.831734076028	25	8	0.97989861537695	0.999989887165062
GO.0101005.ubiquitinyl.hydrolase.activity.ubiquitinyl.hydrolase.activity	outcome	Survived	-0.20056371454842	0.454870177118456	25	15	0.659267164162226	0.999989887165062
GO.1901136.carbohydrate.derivative.catabolic.process.carbohydrate.derivative.catabolic.process	outcome	Survived	-26.4301981457041	20748.7922347721	25	6	0.998983640054911	0.999989887165062
GO.1901564.organonitrogen.compound.metabolic.process.organonitrogen.compound.metabolic.process	outcome	Survived	0.182368334219646	0.322881315876903	25	25	0.572199342488893	0.999989887165062
GO.1903311.regulation.of.mRNA.metabolic.process.regulation.of.mRNA.metabolic.process	outcome	Survived	-0.244543262448561	0.52949221225233	25	15	0.644192570422377	0.999989887165062
GO.1903313.positive.regulation.of.mRNA.metabolic.process.positive.regulation.of.mRNA.metabolic.process	outcome	Survived	-0.199717814217804	0.455421820066006	25	15	0.66099944889614	0.999989887165062
GO.1903320.regulation.of.protein.modification.by.small.protein.conjugation.or.removal.regulation.of.protein.modification.by.small.protein.conjugation.or.removal	outcome	Survived	-0.200530724676536	0.454508046272011	25	15	0.659065386750903	0.999989887165062
GO.1903506.regulation.of.nucleic.acid.templated.transcription.regulation.of.nucleic.acid.templated.transcription	outcome	Survived	30.8658177147884	18688.3690411083	25	10	0.998682209872858	0.999989887165062
GO.1904092.regulation.of.autophagic.cell.death.regulation.of.autophagic.cell.death	outcome	Survived	-0.323660533202682	0.548392342190374	25	15	0.555057338768442	0.999989887165062
