"observed"	"chao1"	"diversity_inverse_simpson"	"diversity_gini_simpson"	"diversity_shannon"	"diversity_fisher"	"diversity_coverage"	"evenness_camargo"	"evenness_pielou"	"evenness_simpson"	"evenness_evar"	"evenness_bulla"	"dominance_dbp"	"dominance_dmn"	"dominance_absolute"	"dominance_relative"	"dominance_simpson"	"dominance_core_abundance"	"dominance_gini"	"rarity_log_modulo_skewness"	"rarity_low_abundance"	"rarity_rare_abundance"	"id"
"CRR125941"	545	574	9.90738727608185	0.899065215466627	3.16137743612923	63.0857838252779	4	0.0700181129281269	0.501743360138813	0.0181786922496915	0.162551984644272	0.178814230387919	0.205930899740621	0.351994183631076	73360	0.205930899740621	0.100934784533373	NA	0.935307804247925	2.06141843529857	0.12198374111544	0.728581614435374	"CRR125941"
"CRR125949"	544	559.8125	8.57521603875432	0.883384862202811	3.04012348134206	64.1268940422457	3	0.0674075711411439	0.482639780414092	0.0157632647771219	0.187289770759202	0.168784808548437	0.233462859208386	0.418092096770029	72338	0.233462859208386	0.116615137797189	NA	0.937181326706368	2.06141841834622	0.109786088662828	0.740450156205623	"CRR125949"
"SRR11092059"	565	565	9.55471461630311	0.895339626544815	3.1124032076952	55.8210955109312	4	0.059258405119165	0.491161243774983	0.0169109993208905	0.182890415633185	0.164862964990314	0.198487142221307	0.368594697291606	275599	0.198487142221307	0.104660373455185	NA	0.940816435108946	2.06138183786118	0.0976198741373772	0.957031987082445	"SRR11092059"
"SRR11092060"	554	563.090909090909	11.5245257090881	0.913228533195825	3.30916112349364	73.536499463664	4	0.0829925777085289	0.523836449987745	0.0208023929766934	0.198680473662967	0.171036629888525	0.199706047134323	0.321485480620211	27447	0.199706047134323	0.0867714668041748	NA	0.93495578096033	2.06142303617716	0.0967206792930579	0.869925856938088	"SRR11092060"
"SRR11092061"	554	561.5	13.2369559830929	0.924453930248218	3.45996850021185	72.4509197378612	5	0.0932012357592327	0.547709086557531	0.0238934223521532	0.19587648660075	0.192131674407667	0.179580205543609	0.287556564070766	27224	0.179580205543609	0.0755460697517819	NA	0.924957730639388	2.06142303617716	0.112620219264106	0.886852069288513	"SRR11092061"
"SRR11092062"	554	561.777777777778	11.7606137229675	0.914970423860867	3.38712512666087	74.2833523004131	4	0.0808831020563873	0.536178063200834	0.0212285446262951	0.213493954648109	0.181638895562946	0.180497280497281	0.353255633255633	23230	0.180497280497281	0.0850295761391332	NA	0.926859626435597	2.06142303617716	0.113022533022533	0.614087024087024	"SRR11092062"
"SRR5677655"	320	397.019230769231	8.47555891075066	0.882013680686996	3.20298820894347	56.0535844478709	5	0.318295859305432	0.555272186010291	0.0264861215960958	0.220435549250008	0.198474752747483	0.30964677945978	0.395428910655981	5216	0.30964677945978	0.117986319313004	NA	0.94784823589011	2.06142303617716	0.0881567230632235	0.385277530424458	"SRR5677655"
"SRR11092063"	532	571.482142857143	7.81057384619667	0.87196843411359	3.20420279473129	80.6490051215689	3	0.0828402027510977	0.510496223048568	0.014681529786084	0.224324586729677	0.179507461899488	0.315970574276222	0.424808461590616	18641	0.315970574276222	0.12803156588641	NA	0.93049741409072	2.06142303617716	0.11526205166452	0.720540375618686	"SRR11092063"
"CRR125947"	558	567.428571428571	14.5514701915131	0.931278421572603	3.80443886945999	55.6645276349566	6	0.107804578661794	0.601553278694273	0.02607790356902	0.12224873599146	0.240453933606491	0.204869599273389	0.297385935682826	257366	0.204869599273389	0.068721578427397	NA	0.8998814553808	2.06134830917781	0.149268891448549	0.436840643092141	"CRR125947"
"CRR125943"	563	569.666666666667	7.53241869233332	0.867240518504657	2.83708689066894	46.0534863510637	3	0.0306912615635125	0.447964886638408	0.013379074053878	0.0736762606568027	0.112184829841605	0.30595043159085	0.437597973205856	2871607	0.30595043159085	0.132759481495343	NA	0.969751921473343	2.06112316300428	0.0519076734282229	0.191080153895377	"CRR125943"
"SRR10971381"	547	548	6.83177030362988	0.8536250553581	2.39950714468566	61.0750465149082	3	0.0388656329208575	0.380605381990547	0.0124895252351552	0.279063916583777	0.0714064986188021	0.199578146377717	0.390854348597199	94525	0.199578146377717	0.1463749446419	NA	0.968886241797627	2.06134939783674	0.0475820482070165	0.0963781396213029	"SRR10971381"
"CRR119894"	144	205.107142857143	12.993882144978	0.923040705707302	3.35159198872096	35.9368081477008	5	0.375766036655212	0.674389919035168	0.0902352926734581	0.304433180136185	0.303092783505155	0.190721649484536	0.341752577319588	370	0.190721649484536	0.0769592942926985	NA	0.95183053440676	2.06142303617716	0.0783505154639175	0.29020618556701	"CRR119894"
"CRR119895"	94	141.142857142857	12.7355098063101	0.92147938989419	3.27702431799064	28.82246295107	5	0.53351873105559	0.721288068469401	0.13548414687564	0.372577086513819	0.374321450348756	0.192254495159059	0.341632088520055	139	0.192254495159059	0.0785206101058101	NA	0.957301487226857	2.06142303617716	0.0622406639004149	0.254495159059474	"CRR119895"
"CRR119896"	120	258.1875	7.30668157674029	0.863138965411693	3.02389325461938	39.3312517732441	3	0.57109638047138	0.631623701320929	0.0608890131395024	0.467128755747986	0.348102877514642	0.306818181818182	0.476010101010101	243	0.306818181818182	0.136861034588307	NA	0.951391119677337	2.06142303617716	0.0845959595959596	0.281565656565657	"CRR119896"
"CRR119897"	47	113.428571428571	5.42245379173956	0.815581646537334	2.38776555824104	16.5402144160425	2	0.986293728583951	0.620175069958489	0.115371357271054	0.443598565109679	0.316560820713239	0.344569288389513	0.550561797752809	92	0.344569288389513	0.184418353462666	NA	0.979228702637604	2.06142303617716	0	0.131086142322097	"CRR119897"
"CRR125934"	221	286.1	1.79133570926225	0.441757346303422	1.157591973766	24.5497495709544	1	0.952156621814909	0.214441845822938	0.00810559144462557	0.139768084371845	0.0652912878179775	0.737503010113983	0.841512481939316	147005	0.737503010113983	0.558242653696578	NA	0.993456902116908	2.0613949505976	0.0179252287686627	0.968609528014127	"CRR125934"
"CRR125935"	393	470.340909090909	5.50413570318151	0.818318432915457	2.6600081404308	43.7087382899824	3	0.198493742928929	0.445278358912824	0.0140054343592405	0.101752361624306	0.130526064024678	0.397388607057711	0.469512386171695	139514	0.397388607057711	0.181681567084543	NA	0.97250165319154	2.0614141793118	0.0490262819837244	0.192538958689974	"CRR125935"
"CRR125936"	300	427.571428571429	9.15091601728186	0.890721322530831	3.20584916858399	52.6288986034278	3	0.548561103671109	0.562056702342462	0.0305030533909395	0.208305786994004	0.229763390883328	0.237165997066514	0.430521012690517	3719	0.237165997066514	0.109278677469169	NA	0.94708716609847	2.06142303617716	0.0916395638033289	0.23015113832026	"CRR125936"
"CRR125937"	140	233.882352941176	8.16868605218759	0.877581291089991	2.77389166020062	26.3672602892015	3	0.864657191310668	0.561329902687686	0.0583477575156257	0.213533616665355	0.228789721190826	0.230073487846241	0.430186546071227	1221	0.230073487846241	0.122418708910009	NA	0.972513468110989	2.06142303617716	0.0525720746184285	0.198605615225174	"CRR125937"
"CRR125938"	357	458.610169491525	10.9530910622384	0.908701571609536	3.82818476221056	88.2869068065147	5	0.381461418203829	0.651302628144247	0.0306809273452055	0.367089422857714	0.343681223213251	0.263796240145543	0.366686880937942	1305	0.263796240145543	0.0912984283904639	NA	0.87827187266295	2.06142303617716	0.159894885789367	0.342631898120073	"CRR125938"
"CRR125939"	558	561.272727272727	13.1772331766681	0.924111534903198	3.70626315071569	54.2229632544575	5	0.103726271309118	0.586029852631921	0.0236151132198354	0.114149560097259	0.238070021544118	0.19960925004429	0.337472870672532	318864	0.19960925004429	0.0758884650968019	NA	0.905523502437934	2.06139354552102	0.146354701049992	0.410435815782868	"CRR125939"
"CRR125940"	564	569.625	14.246673955989	0.929808178169219	3.61543025839508	54.8420444797934	5	0.0878683879409069	0.570702335744029	0.0252600602056542	0.127647008549306	0.222057838679379	0.159413381190062	0.272642526436481	255825	0.159413381190062	0.0701918218307807	NA	0.912479809506685	2.06137280891347	0.146339396431932	0.362919758971579	"CRR125940"
"CRR125942"	449	510.923076923077	2.13359108268172	0.531306627536567	1.41657807076726	39.3384137632274	1	0.859547090255307	0.231958860611207	0.00475187323537131	0.0928488677051744	0.0543191693890446	0.669255209764623	0.796938548370481	2384217	0.669255209764623	0.468693372463433	NA	0.991078437122444	2.06129539253348	0.0231405366971949	0.959734096319628	"CRR125942"
"CRR125944"	529	552.916666666667	7.93996554755532	0.874054869128759	3.2234839210038	61.3879187560896	3	0.0745966113436909	0.5140312338367	0.0150093866683465	0.128238890859045	0.18970094533598	0.297842608916116	0.459779602955136	101030	0.297842608916116	0.125945130871241	NA	0.938699903822373	2.06141815239624	0.098762993579123	0.225119838682099	"CRR125944"
"CRR125945"	431	538.3125	9.04511604197354	0.889443098865782	2.8927223182588	56.9429538420903	3	0.285751321162736	0.476866266688849	0.0209863481252286	0.151553387675585	0.137315845682357	0.191708011718715	0.365747249458055	21136	0.191708011718715	0.110556901134218	NA	0.964489204572169	2.06142303617716	0.0651241258582689	0.203453936925742	"CRR125945"
"CRR125946"	252	406.341463414634	8.17780814158999	0.877717845333851	3.53840641183184	76.4436313737864	4	0.538509420862362	0.63992255906194	0.0324516196094841	0.463862134587468	0.363991995817634	0.318250377073906	0.421820010055304	633	0.318250377073906	0.122282154666149	NA	0.900554640629469	2.06142303617716	0.133232780291604	0.319255907491202	"CRR125946"
"CRR125948"	556	558.142857142857	13.1495681458839	0.923951875156218	3.64217525849562	56.4728057524481	5	0.194558310806947	0.576223504634487	0.0236503024206544	0.151498187366706	0.232992377200464	0.173645738521737	0.32781807433542	185056	0.173645738521737	0.0760481248437823	NA	0.903510538089822	2.06137508525622	0.15428587514427	0.357829052931848	"CRR125948"
"SRR10903401"	47	113.428571428571	5.42245379173956	0.815581646537334	2.38776555824104	16.5402144160425	2	0.986293728583951	0.620175069958489	0.115371357271054	0.443598565109679	0.316560820713239	0.344569288389513	0.550561797752809	92	0.344569288389513	0.184418353462666	NA	0.979228702637604	2.06142303617716	0	0.131086142322097	"SRR10903401"
"SRR10903402"	93	138.047619047619	12.7006139752461	0.921263648989802	3.27106075424801	28.4052899123124	5	0.533762249426623	0.721674341443389	0.136565741669313	0.371208514857671	0.375195712393111	0.192520775623269	0.342105263157895	139	0.192520775623269	0.0787363510101979	NA	0.957699950079773	2.06142303617716	0.0609418282548476	0.253462603878116	"SRR10903402"
"SRR11092056"	202	303.527777777778	39.221709334943	0.974503915893612	4.4103407221778	74.3422169419328	16	0.829469340844646	0.830843690181073	0.194166877895757	0.479089418616824	0.499254441399094	0.0903901046622265	0.147478591817317	95	0.0903901046622265	0.0254960841063877	NA	0.871986296073402	2.06142303617716	0.148430066603235	0.780209324452902	"SRR11092056"
"SRR11092057"	141	218.037037037037	2.27264300789834	0.559983685724243	1.75408826800135	30.5222652886013	1	0.287518563239927	0.354450065644084	0.0161180355170095	0.373463731230072	0.169164103997763	0.651989562948467	0.756360078277887	1999	0.651989562948467	0.440016314275757	NA	0.978193523403843	2.06142303617716	0.0792563600782779	0.209719504240052	"SRR11092057"
"SRR11092058"	108	171.84	46.790757381258	0.978628257887517	4.26973212693589	66.7165676685714	18	0.753737997256516	0.911920644641644	0.433247753530167	0.685723713034005	0.635514018691589	0.062962962962963	0.118518518518519	17	0.062962962962963	0.0213717421124829	NA	0.895929852113596	2.06142303617716	0	0.655555555555556	"SRR11092058"
"SRR11092064"	433	500.263157894737	37.7242567865699	0.973491856826825	4.46927794549564	75.646926197026	14	0.314448273491699	0.736200136744535	0.0871229948881522	0.210187449798582	0.337140075932264	0.0841384688704995	0.138555521857805	1942	0.0841384688704995	0.0265081431731747	NA	0.857147045364748	2.06142303617716	0.156665655734154	0.789827130540271	"SRR11092064"
"SRR5677652"	312	459.15	8.18847887945035	0.877877196153051	3.01320761171435	53.9036022269984	3	0.499086337455779	0.524674549739135	0.0262451246136229	0.213423777834059	0.190893392044642	0.276510832383124	0.436431014823261	4850	0.276510832383124	0.122122803846949	NA	0.955951263341539	2.06142303617716	0.0806157354618016	0.565906499429875	"SRR5677652"
"SRR5677654"	243	355.578947368421	8.94287310321421	0.888179113305255	3.07226252404483	48.1798816902573	3	0.339666157046265	0.559298772776236	0.0368019469268075	0.25493965366442	0.228310657381721	0.227462606117774	0.430400215604366	1688	0.227462606117774	0.111820886694745	NA	0.95398194313435	2.06142303617716	0.0803126263306832	0.328122894488613	"SRR5677654"
"SRR5677656"	229	393.022222222222	12.4655245742672	0.919778747052144	3.59719990779979	71.0621071565746	4	0.424733706076807	0.662013975953652	0.0544346051278043	0.436781824097275	0.327584440072143	0.20911214953271	0.331191588785047	358	0.20911214953271	0.0802212529478557	NA	0.914884746210497	2.06142303617716	0.148948598130841	0.410046728971963	"SRR5677656"
"SRR5677657"	103	239.153846153846	2.58062492799631	0.612496961820626	1.99884549282193	25.9554387504419	1	0.272082513460333	0.431275593006236	0.0250546109514205	0.379204828111024	0.237419392404326	0.613956941351151	0.680029695619896	827	0.613956941351151	0.387503038179374	NA	0.976619945907801	2.06142303617716	0.0623608017817372	0.774313288789903	"SRR5677657"
"SRR5677658"	180	334.285714285714	13.5058477083305	0.925957998224488	3.44837328397392	41.3894039566669	6	0.62026495185888	0.664048129609006	0.0750324872685029	0.266000061063165	0.296312001102477	0.208728652751423	0.32258064516129	660	0.208728652751423	0.0740420017755118	NA	0.946788609436709	2.06142303617716	0.0730550284629981	0.733712839974699	"SRR5677658"
"SRR5677659"	143	267.25	5.09017205501261	0.80354298652533	2.81688460325963	38.5636985236533	2	0.724327823415177	0.567594759280649	0.035595608776312	0.385482526761537	0.302578180950107	0.413950456323338	0.545632333767927	635	0.413950456323338	0.19645701347467	NA	0.955952474189283	2.06142303617716	0.090612777053455	0.717731421121252	"SRR5677659"
"SRR5677660"	121	205	7.025007938159	0.857651406403668	3.12680699005704	39.6050622474133	3	0.560281053641626	0.651989898292769	0.0580579168442893	0.450694423722838	0.372034956304619	0.348314606741573	0.438202247191011	279	0.348314606741573	0.142348593596332	NA	0.948427980924905	2.06142303617716	0.0799001248439451	0.789013732833958	"SRR5677660"
"SRR5677661"	238	361.243243243243	9.4913189205588	0.894640564881458	3.24652915802487	49.6818468877755	4	0.45248699817195	0.593269111055631	0.0398794912628521	0.259265464962269	0.25566631801396	0.269308600337268	0.392411467116357	1597	0.269308600337268	0.105359435118541	NA	0.947157949934155	2.06142303617716	0.0846543001686341	0.293591905564924	"SRR5677661"
"CRR125979"	489	521.666666666667	9.91609576903886	0.89915385820271	3.28200964511132	65.8588124535112	4	0.410091828103942	0.530009289780715	0.0202783144561122	0.178309833760016	0.192441703517501	0.234124072715415	0.379763231071619	25848	0.234124072715415	0.10084614179729	NA	0.93480820939693	2.06142303617716	0.108203581424418	0.331594250156246	"CRR125979"
"CRR125993"	412	539	21.9799709448736	0.954504034490854	4.05537703279913	85.2715626746662	9	0.269140645376201	0.673536174417468	0.0533494440409553	0.257404913001801	0.279332908133135	0.1183900461872	0.228202469601282	1256	0.1183900461872	0.045495965509146	NA	0.892408339209293	2.06142303617716	0.133942878687906	0.575454802526157	"CRR125993"
"CRR125952"	281	389.022727272727	16.9810253117647	0.941110740862792	3.40926842981443	43.9296317525101	6	0.461222546083752	0.604656611680883	0.0604306950596608	0.151959275485837	0.200049963342113	0.127732370271811	0.243793955521764	3360	0.127732370271811	0.0588892591372081	NA	0.954797385656034	2.06142303617716	0.0596464550465691	0.664208325413419	"CRR125952"
"CRR125963"	288	463.015873015873	65.9408814045145	0.984834900918817	4.99439697252657	152.132767872775	34	0.657561188811189	0.88194099006085	0.228961393765675	0.637137526144448	0.584098828001267	0.0699300699300699	0.115384615384615	60	0.0699300699300699	0.015165099081183	NA	0.761908291943627	2.06142303617716	0.173659673659674	0.958041958041958	"CRR125963"
"CRR125950"	158	340.285714285714	25.2202682899335	0.960349351224026	3.88922405412003	54.1960070075603	8	0.618680921668852	0.76822736733786	0.159621951202111	0.416660785057132	0.396439584707989	0.087737843551797	0.168076109936575	83	0.087737843551797	0.0396506487759745	NA	0.921230548562292	2.06142303617716	0.0930232558139535	0.684989429175476	"CRR125950"
"CRR125951"	137	344.5625	16.1224641946243	0.937974742078607	3.68287561746163	53.4099398640358	6	0.896398191694091	0.748554856814152	0.117682220398717	0.496496792236685	0.422077177204735	0.152886115444618	0.297971918876755	98	0.152886115444618	0.0620252579213933	NA	0.925825372237504	2.06142303617716	0.12792511700468	0.814352574102964	"CRR125951"
"CRR125953"	140	266.136363636364	18.3965436856992	0.945641963127163	3.56633681114775	42.7423596992464	6	0.75249474789916	0.721690585063547	0.13140388346928	0.372568573496771	0.343842573000423	0.111213235294118	0.213235294117647	121	0.111213235294118	0.0543580368728374	NA	0.941611671170234	2.06142303617716	0.107536764705882	0.485294117647059	"CRR125953"
"CRR125954"	207	367.2	23.6405084126073	0.95769972529581	3.73609334830847	45.8117377728822	9	0.640575059441799	0.70059823012358	0.114205354650277	0.242269586866419	0.287627492902457	0.112154031287605	0.191095066185319	466	0.112154031287605	0.0423002747041898	NA	0.937459232139741	2.06142303617716	0.0811070998796631	0.552346570397112	"CRR125954"
"CRR125955"	270	385.176470588235	37.2015811003959	0.973119422067	4.01978085338626	46.7315476160974	14	0.482276960639534	0.718020342665533	0.13778363370517	0.160279697333507	0.27052169118301	0.0629984051036683	0.118022328548644	948	0.0629984051036683	0.0268805779329997	NA	0.924627998414497	2.06142303617716	0.0665204678362573	0.623139287612972	"CRR125955"
"CRR125956"	264	393.254237288136	18.3722276579656	0.945570019127951	3.58887441316416	65.1527420372811	7	0.422032656823531	0.643634715234234	0.0695917714316877	0.32792432055703	0.231914379480486	0.120858229223248	0.224877783813145	445	0.120858229223248	0.0544299808720493	NA	0.931086769174076	2.06142303617716	0.127919608908202	0.634437805540467	"CRR125956"
"CRR125957"	211	312.108108108108	9.72861162004696	0.897210409968532	3.06794067621882	43.7190793055406	4	0.559995094217309	0.573247758013004	0.0461071640760519	0.263509018508208	0.222747997535428	0.236968576709797	0.370240295748614	1282	0.236968576709797	0.102789590031468	NA	0.958124922437836	2.06142303617716	0.077264325323475	0.820147874306839	"CRR125957"
"CRR125958"	135	302.44	58.9654822335025	0.983040925603898	4.57236387845268	126.719710810841	29	0.769110189027201	0.932132058850386	0.436781349877797	0.795979556060516	0.698024400817489	0.0788381742738589	0.116182572614108	19	0.0788381742738589	0.016959074396102	NA	0.848254475609572	2.06142303617716	0	0.846473029045643	"CRR125958"
"CRR125959"	75	152.214285714286	7.82728716257481	0.872241815174308	2.97429224934031	28.9144020925679	3	0.927448789571695	0.688894137314525	0.104363828834331	0.488941183571864	0.378604861845085	0.307262569832402	0.435754189944134	110	0.307262569832402	0.127758184825692	NA	0.961782182126854	2.06142303617716	0	0.994413407821229	"CRR125959"
"CRR125960"	98	177.565217391304	8.15059912854031	0.877309632797621	3.23140158483619	45.5564432602496	3	0.910404624277457	0.704781789591483	0.0831693788626562	0.62058931402426	0.443179786663488	0.294797687861272	0.459537572254335	102	0.294797687861272	0.122690367202379	NA	0.939745501337855	2.06142303617716	0	0.979768786127168	"CRR125960"
"CRR125961"	412	480.25	23.5035547009223	0.957453244297521	4.29206411608186	96.1892480654389	9	0.403305913503972	0.712846283272685	0.0570474628663162	0.352634600591016	0.38282397699624	0.119127272727273	0.228072727272727	819	0.119127272727273	0.0425467557024793	NA	0.840345647285574	2.06142303617716	0.208290909090909	0.963345454545455	"CRR125961"
"CRR125962"	303	456	28.9851153740035	0.965499533567602	4.38981744181437	99.3520612046556	13	0.526311790338193	0.768292391548579	0.0956604467788893	0.435472261376303	0.408403436549132	0.127127127127127	0.198698698698699	254	0.127127127127127	0.0345004664323984	NA	0.852467308297697	2.06142303617716	0.164664664664665	0.8003003003003	"CRR125962"
"CRR125964"	329	491.147058823529	14.8766786640902	0.932780695034179	3.67128073707829	81.3224233702618	6	0.366624196020008	0.633409965004833	0.0452178682799095	0.341159142819894	0.246529224490668	0.199737187910644	0.289969338589575	912	0.199737187910644	0.0672193049658208	NA	0.914863122572896	2.06142303617716	0.141699518177836	0.573149364870784	"CRR125964"
"CRR125965"	275	398.175438596491	19.8436458467989	0.949606034711544	4.07409380387998	88.7404352800529	7	0.671562242972568	0.725344460907891	0.0721587121701778	0.458953067632332	0.388929893599251	0.133581692389569	0.250133049494412	251	0.133581692389569	0.0503939652884561	NA	0.875282318803514	2.06142303617716	0.174028738690793	0.931878658861096	"CRR125965"
"CRR125966"	355	509.015384615385	7.75723296088653	0.871088053556959	3.12433206655437	79.7757472753319	3	0.36561093713816	0.532062226707051	0.0218513604532015	0.356120815397469	0.21366744579376	0.285587320396978	0.448526144274922	1928	0.285587320396978	0.128911946443041	NA	0.929811471458489	2.06142303617716	0.133017330765812	0.669234187527774	"CRR125966"
"CRR125967"	345	506.803278688525	30.0907254010525	0.966767168731498	4.40219420943335	108.931780164059	11	0.414113613358843	0.753343158751885	0.0872194939160941	0.444212828200775	0.393108458281304	0.106580540976988	0.195397658457812	264	0.106580540976988	0.0332328312685019	NA	0.840699095994097	2.06142303617716	0.203068227694792	0.783609204683084	"CRR125967"
"CRR125968"	292	354.5625	3.58969858435269	0.721425078874603	2.2398485005674	38.2889774616668	1	0.164473995322402	0.394565024058717	0.0122934883025777	0.142705179036511	0.136510246965412	0.507037947594359	0.593302166796173	39804	0.507037947594359	0.278574921125397	NA	0.978427350956721	2.06142303617716	0.0513228793804058	0.858171025311135	"CRR125968"
"CRR125969"	191	330.125	70.2748201438849	0.985770152126287	4.82142455162461	127.74737052501	34	0.706924735258582	0.91796906952305	0.367930995517722	0.719014368204294	0.655322695879971	0.0656108597285068	0.108597285067873	29	0.0656108597285068	0.0142298478737127	NA	0.810762195609421	2.06142303617716	0	0.972850678733032	"CRR125969"
"CRR125970"	411	476.142857142857	8.66327077137737	0.884570155269312	3.09957217907868	72.1307721131762	4	0.467363663782862	0.514999447314886	0.0210785176919157	0.262346216628467	0.175696092237482	0.251375804495849	0.440070888909617	5390	0.251375804495849	0.115429844730688	NA	0.942935383578941	2.06142303617716	0.100130584833504	0.388956254080776	"CRR125970"
"CRR125971"	379	471.727272727273	15.5462536524676	0.935675821175009	3.45446910932406	67.717534605723	6	0.40793071419431	0.581801776024051	0.0410191389247165	0.224498686211991	0.183560003421435	0.156329044319806	0.277466182777961	2843	0.156329044319806	0.0643241788249914	NA	0.942133097373469	2.06142303617716	0.0809413834817992	0.266358737490377	"CRR125971"
"CRR125972"	425	501.514285714286	17.9209069502344	0.94419925270652	3.739127465637	75.6054639858655	7	0.333023376770218	0.6178242522989	0.0421668398829045	0.221841530525978	0.217355135865377	0.13546371936569	0.270591061989428	2819	0.13546371936569	0.05580074729348	NA	0.921604522153153	2.06142303617716	0.104997597308986	0.735319557904853	"CRR125972"
"CRR125973"	538	542.636363636364	6.04190432655002	0.834489269284572	2.49598588505573	50.1073478416475	2	0.336662008887267	0.396953249055194	0.0112303054396841	0.107469608969572	0.0930567579748383	0.278601729366051	0.537917311135423	642501	0.278601729366051	0.165510730715428	NA	0.975234917803114	2.0613775533526	0.0521957901501325	0.434155781703201	"CRR125973"
"CRR125974"	555	566.7	6.59306773176085	0.848325538173574	2.70830314771735	58.4610534672148	3	0.0471854668285933	0.428598957767431	0.011879401318488	0.133615291942617	0.113846409283283	0.306772091944246	0.48377056469542	238026	0.306772091944246	0.151674461826426	NA	0.966157797768719	2.06141018595184	0.059670964873277	0.193718303142782	"CRR125974"
"CRR125975"	326	419.193548387097	6.12852278428176	0.836828541689562	3.00596169539548	61.5758681788203	3	0.356183882182851	0.519442716415606	0.0187991496450361	0.253032392833146	0.201659481128508	0.374139626352016	0.480252376270075	4566	0.374139626352016	0.163171458310438	NA	0.947678047978245	2.06142303617716	0.0834152736807604	0.247459849229761	"CRR125975"
"CRR125976"	269	392.117647058824	17.7254664844132	0.943583995327889	3.71166106951576	55.6515468022246	6	0.3976741419755	0.663423154060882	0.0658939274513502	0.248001186001129	0.282038029799116	0.144998558662439	0.252089939463822	1006	0.144998558662439	0.0564160046721109	NA	0.928246345470789	2.06142303617716	0.102479100605362	0.41481695012972	"CRR125976"
"CRR125977"	426	471.181818181818	4.75284872937737	0.789599868007791	2.32668177019835	49.7223712227367	2	0.483442715705832	0.384293513755656	0.0111569218999469	0.140347481786405	0.0979874597653972	0.412057014322438	0.550067327702289	107715	0.412057014322438	0.210400131992209	NA	0.978988655401118	2.06141550043292	0.0437668319255723	0.127149895948096	"CRR125977"
"CRR125978"	487	509.575	15.6540585144082	0.936118802732238	3.61455286711445	65.7365655998221	6	0.378289575332076	0.584098027366342	0.0321438573191134	0.166106260566917	0.20420243962552	0.154501250219134	0.290742842380122	16745	0.154501250219134	0.063881197267762	NA	0.927857026952719	2.06142303617716	0.109327280611915	0.349147913379651	"CRR125978"
"CRR125980"	511	529.096774193548	15.8203064025483	0.936790099094483	3.36738329553637	54.5086885715468	5	0.20506049552385	0.5399589050697	0.0309595037231865	0.11920895999795	0.147921318330796	0.1184588441331	0.227756372835182	76095	0.1184588441331	0.0632099009055174	NA	0.947684920345147	2.06133859603175	0.0850095349289745	0.424023350846468	"CRR125980"
"CRR125981"	510	537.625	14.5065700012218	0.931065717125704	3.80315366533932	72.5330244519529	6	0.126202728124678	0.610026164886834	0.0284442549043565	0.171244998577596	0.244161599376162	0.201080527336366	0.309169847677354	16488	0.201080527336366	0.0689342828742959	NA	0.904372848080151	2.06142303617716	0.126041196629145	0.661243704037953	"CRR125981"
"CRR125982"	457	503.489795918367	9.7192124688241	0.897111005319859	3.85054688157556	82.7020294550331	7	0.231718974740039	0.62869321331782	0.0212674233453481	0.252262193041892	0.292911378232857	0.304293173467414	0.352736414619996	6294	0.304293173467414	0.102888994680141	NA	0.881009749260791	2.06142303617716	0.155192419261265	0.866176754979694	"CRR125982"
"CRR125983"	427	514	16.5292254205794	0.939501097325773	3.79145547477879	65.2976841087278	7	0.361165428713376	0.625984923104055	0.0387101297905841	0.16460356961984	0.237522808312546	0.198261910568204	0.264570909171525	8943	0.198261910568204	0.0604989026742274	NA	0.919898081366167	2.06142303617716	0.111379608486488	0.392222936573037	"CRR125983"
"CRR125984"	395	510.098360655738	23.4315474689061	0.95732249432834	3.89888669856555	76.1582972528004	8	0.371198302890973	0.652109247755469	0.0593203733390028	0.237853800163687	0.243653885431716	0.0990033222591362	0.18375784422296	1341	0.0990033222591362	0.0426775056716595	NA	0.912200139047044	2.06142303617716	0.128460686600221	0.343300110741971	"CRR125984"
"CRR125985"	205	328.282608695652	40.099713410416	0.975062165912132	4.57344901944649	104.712333381541	21	0.71457671248612	0.859184753996414	0.19560835809959	0.62607921199797	0.563648536337612	0.102040816326531	0.17425431711146	65	0.102040816326531	0.0249378340878677	NA	0.837902380305209	2.06142303617716	0.167974882260597	0.624803767660911	"CRR125985"
"CRR125986"	220	322.09756097561	7.66342979950948	0.869510124557544	2.68714300642278	40.24606959344	3	0.836959981591916	0.498207001378887	0.0348337718159522	0.238816613502066	0.170952123658477	0.251001898333685	0.397173592069184	2380	0.251001898333685	0.130489875442456	NA	0.969947894578755	2.06142303617716	0.060430288968572	0.238135414469521	"CRR125986"
"CRR125987"	121	230.772727272727	6.81798172245602	0.85332902892562	2.87190467816814	37.9931546244499	3	0.517036063110443	0.59883863793947	0.0563469563839341	0.453218818223731	0.290104166666667	0.326136363636364	0.45	287	0.326136363636364	0.14667097107438	NA	0.957099261162865	2.06142303617716	0.0795454545454545	0.604545454545454	"CRR125987"
"CRR125988"	212	307.757575757576	21.3670600351211	0.953198989549508	3.71770356913284	45.74866777494	7	0.428512901646442	0.694043440821921	0.10078801903359	0.241999049961554	0.293867320938354	0.104439202230324	0.197297876903281	487	0.104439202230324	0.0468010104504923	NA	0.936372647160677	2.06142303617716	0.0885695903924512	0.515333476302809	"CRR125988"
"CRR125989"	225	375.193548387097	17.0058147121613	0.941196583819952	3.91593119594465	67.7987438717495	8	0.417509387503847	0.723016728853626	0.0755813987207169	0.411309734570679	0.389913929560744	0.16786703601108	0.298060941828255	303	0.16786703601108	0.0588034161800477	NA	0.901035599972591	2.06142303617716	0.126869806094183	0.736288088642659	"CRR125989"
"CRR125990"	425	483.015873015873	1.21832842492004	0.179203259526975	0.691664600877336	49.6277265260446	1	0.0392643652771938	0.114285262753367	0.00286665511745891	0.185727320923848	0.0658492965197877	0.90578182349818	0.914311436683877	235429	0.90578182349818	0.820796740473025	NA	0.98899749491529	2.06141546487035	0.0445178864103294	0.982586815841919	"CRR125990"
"CRR125991"	246	329.025	42.509205948545	0.976475683850448	4.37385969563858	65.3047860470712	16	0.459631008053466	0.794477075011948	0.172801650197337	0.327555172080188	0.402266423060707	0.0753896339253353	0.128669807901414	208	0.0753896339253353	0.0235243161495523	NA	0.884103678677043	2.06142303617716	0.116346502355926	0.925697716563972	"CRR125991"
"CRR125992"	505	571.733333333333	12.387912094089	0.919276146585093	3.74697085644916	74.1511857326321	6	0.135990737721669	0.6019657296213	0.0245305189981961	0.16680623171926	0.252889073604412	0.23306894447834	0.360079763091713	15662	0.23306894447834	0.0807238534149073	NA	0.905480699511923	2.06142303617716	0.129629905206923	0.51604934597241	"CRR125992"
"CRR125994"	222	318.486486486486	3.01889799014521	0.668753298963937	2.07347339428566	40.8453285905478	1	0.212964626646805	0.383786268867883	0.0135986395952487	0.277402021649472	0.169337317071041	0.541067981985846	0.729251554793052	5046	0.541067981985846	0.331246701036063	NA	0.972604800288567	2.06142303617716	0.0735577954106798	0.930838515976839	"CRR125994"
