	publication	bioproject	reads	sample_name	isolate_name	sequenced.respiratory.pathogens	clinical.lab	case	sample_type	tissue	host	age	sex	outcome	metadata_curation	imagery	temp_degC	cough	glucocorticoid_therapy	abx_therapy	antiviral_therapy	Oxygen_therapy	date_of_onset	days_delayed_hospitalization	SPO2.	days.after.onset	origin	hospitaladmit_date	hospital.release.date	viral_titre_perc	CRP.mg.L..1.	disease_severity	BALF_SARS.CoV.2_Ct	oral_swab_SARS.CoV.2_Ct	anal_swab_SARS.CoV.2_Ct	blood_ab_SARS.CoV.2	blood_pcr_SARS.CoV.2	cell_counts	white.blood.count..WBC...109.L	red.blood.count..RBC...1012.L	Neutrophils...109.L.L	lymphocyte...109.L	monocyte...109.L	haemoglobin.Hb..g.L	Platelet...109.L	Albumin..g.L	aspartate.aminotransferase.AST..U.L	alanine.aminotransferase.ALTU.L	creatine.kinase.CK..U.L	creatinine.kinase.MB.isoenzyme.CK.MB..U.L	lactate.dehydrogenase.LDH..U.L	UREA..mmol.L	CREA...mol.L	X.IL.6..pg.mL.	IFN...pg.mL	IL.10..pg.mL	smoking_status	smoking_pack_per_year	confirmatory_test_done	diagnosis_history	sampling_site	curator_notes	collection_date	release_date	collected_by	submitted_by	collection_location	clinical_sample_info	sample_prep_info	sequence_type
SRR10571665	Michalovich	PRJNA434133	NA	SIB002	NA	NA	NA	Control_Sick	Asthma	BALF	Human	34	male	NA	NA	NA	NA	NA	NA	NA	NA	NA	NA	NA	NA	NA	NA	NA	NA	NA	NA	NA	NA	NA	NA	NA	NA	NA	NA	NA	NA	NA	NA	NA	NA	NA	NA	NA	NA	NA	NA	NA	NA	NA	NA	NA	NA	NA	NA	NA	NA	NA	NA	NA	NA	NA	NA	NA	NA	NA
SRR10571742	Michalovich	PRJNA434133	NA	SIB016	NA	NA	NA	Control_Sick	Asthma	BALF	Human	30	female	NA	NA	NA	NA	NA	NA	NA	NA	NA	NA	NA	NA	NA	NA	NA	NA	NA	NA	NA	NA	NA	NA	NA	NA	NA	NA	NA	NA	NA	NA	NA	NA	NA	NA	NA	NA	NA	NA	NA	NA	NA	NA	NA	NA	NA	NA	NA	NA	NA	NA	NA	NA	NA	NA	NA	NA	NA
SRR10571738	Michalovich	PRJNA434133	NA	SIB021	NA	NA	NA	Control_Sick	Asthma	BALF	Human	25	male	NA	NA	NA	NA	NA	NA	NA	NA	NA	NA	NA	NA	NA	NA	NA	NA	NA	NA	NA	NA	NA	NA	NA	NA	NA	NA	NA	NA	NA	NA	NA	NA	NA	NA	NA	NA	NA	NA	NA	NA	NA	NA	NA	NA	NA	NA	NA	NA	NA	NA	NA	NA	NA	NA	NA	NA	NA
SRR10571737	Michalovich	PRJNA434133	NA	SIB022	NA	NA	NA	Control_Sick	Asthma	BALF	Human	26	male	NA	NA	NA	NA	NA	NA	NA	NA	NA	NA	NA	NA	NA	NA	NA	NA	NA	NA	NA	NA	NA	NA	NA	NA	NA	NA	NA	NA	NA	NA	NA	NA	NA	NA	NA	NA	NA	NA	NA	NA	NA	NA	NA	NA	NA	NA	NA	NA	NA	NA	NA	NA	NA	NA	NA	NA	NA
SRR10571731	Michalovich	PRJNA434133	NA	SIB029	NA	NA	NA	Control_Sick	Asthma	BALF	Human	40	female	NA	NA	NA	NA	NA	NA	NA	NA	NA	NA	NA	NA	NA	NA	NA	NA	NA	NA	NA	NA	NA	NA	NA	NA	NA	NA	NA	NA	NA	NA	NA	NA	NA	NA	NA	NA	NA	NA	NA	NA	NA	NA	NA	NA	NA	NA	NA	NA	NA	NA	NA	NA	NA	NA	NA	NA	NA
SRR10571722	Michalovich	PRJNA434133	NA	SIB038	NA	NA	NA	Control_Sick	Asthma	BALF	Human	47	female	NA	NA	NA	NA	NA	NA	NA	NA	NA	NA	NA	NA	NA	NA	NA	NA	NA	NA	NA	NA	NA	NA	NA	NA	NA	NA	NA	NA	NA	NA	NA	NA	NA	NA	NA	NA	NA	NA	NA	NA	NA	NA	NA	NA	NA	NA	NA	NA	NA	NA	NA	NA	NA	NA	NA	NA	NA
SRR10571720	Michalovich	PRJNA434133	NA	SIB042	NA	NA	NA	Control_Sick	Asthma	BALF	Human	54	female	NA	NA	NA	NA	NA	NA	NA	NA	NA	NA	NA	NA	NA	NA	NA	NA	NA	NA	NA	NA	NA	NA	NA	NA	NA	NA	NA	NA	NA	NA	NA	NA	NA	NA	NA	NA	NA	NA	NA	NA	NA	NA	NA	NA	NA	NA	NA	NA	NA	NA	NA	NA	NA	NA	NA	NA	NA
SRR10571726	Michalovich	PRJNA434133	NA	SIB033	NA	NA	NA	Control_Sick	Asthma_Ex_smoker	BALF	Human	47	female	NA	NA	NA	NA	NA	NA	NA	NA	NA	NA	NA	NA	NA	NA	NA	NA	NA	NA	NA	NA	NA	NA	NA	NA	NA	NA	NA	NA	NA	NA	NA	NA	NA	NA	NA	NA	NA	NA	NA	NA	NA	NA	NA	TRUE	NA	NA	NA	NA	NA	NA	NA	NA	NA	NA	NA	NA	NA
SRR10571721	Michalovich	PRJNA434133	NA	SIB039	NA	NA	NA	Control_Sick	Asthma_Ex_smoker	BALF	Human	43	male	NA	NA	NA	NA	NA	NA	NA	NA	NA	NA	NA	NA	NA	NA	NA	NA	NA	NA	NA	NA	NA	NA	NA	NA	NA	NA	NA	NA	NA	NA	NA	NA	NA	NA	NA	NA	NA	NA	NA	NA	NA	NA	NA	TRUE	NA	NA	NA	NA	NA	NA	NA	NA	NA	NA	NA	NA	NA
SRR10571753	Michalovich	PRJNA434133	NA	SIB048	NA	NA	NA	Control_Sick	Asthma_Ex_smoker	BALF	Human	59	female	NA	NA	NA	NA	NA	NA	NA	NA	NA	NA	NA	NA	NA	NA	NA	NA	NA	NA	NA	NA	NA	NA	NA	NA	NA	NA	NA	NA	NA	NA	NA	NA	NA	NA	NA	NA	NA	NA	NA	NA	NA	NA	NA	TRUE	NA	NA	NA	NA	NA	NA	NA	NA	NA	NA	NA	NA	NA
SRR10571727	Michalovich	PRJNA434133	NA	SIB032	NA	NA	NA	Control_Sick	Asthma_Smoker	BALF	Human	39	female	NA	NA	NA	NA	NA	NA	NA	NA	NA	NA	NA	NA	NA	NA	NA	NA	NA	NA	NA	NA	NA	NA	NA	NA	NA	NA	NA	NA	NA	NA	NA	NA	NA	NA	NA	NA	NA	NA	NA	NA	NA	NA	NA	TRUE	NA	NA	NA	NA	NA	NA	NA	NA	NA	NA	NA	NA	NA
SRR10571719	Michalovich	PRJNA434133	NA	SIB043	NA	NA	NA	Control_Sick	Asthma_Smoker	BALF	Human	52	female	NA	NA	NA	NA	NA	NA	NA	NA	NA	NA	NA	NA	NA	NA	NA	NA	NA	NA	NA	NA	NA	NA	NA	NA	NA	NA	NA	NA	NA	NA	NA	NA	NA	NA	NA	NA	NA	NA	NA	NA	NA	NA	NA	TRUE	NA	NA	NA	NA	NA	NA	NA	NA	NA	NA	NA	NA	NA
CRR125970	Shen	CRA002476	paired	V01	NA	Human mastadenovirus B	"Adenovirus,P.Aeruginosa,A.baumannii,other"	Community_acquired_pneumonia	Community_acquired_pneumonia	BALF	Human	76	F	NA	Beth V	NA	38	NA	NA	NA	NA	NA	NA	NA	NA	6	NA	NA	NA	NA	NA	NA	NA	NA	NA	NA	NA	NA	NA	NA	NA	NA	NA	NA	NA	NA	NA	NA	NA	NA	NA	NA	NA	NA	NA	NA	NA	NA	NA	NA	NA	NA	NA	3/26/2020	NA	Lili Ren Institute of Pathogen Biology	NA	BALF	"Direct-zol RNA Miniprep kit and and Trizol LS for RNA extraction, RNA was then reverse transcribed, and amplified using an Ovation Trio RNA-Seq library preparation kit (NuGEN)"	Illumina HiSeq 2500
CRR125971	Shen	CRA002476	paired	V02	NA	Rhinovirus A	Negative	Community_acquired_pneumonia	Community_acquired_pneumonia	BALF	Human	NA	NA	NA	Beth V	NA	38.5	NA	NA	NA	NA	NA	NA	NA	NA	10	NA	NA	NA	NA	NA	NA	NA	NA	NA	NA	NA	NA	NA	NA	NA	NA	NA	NA	NA	NA	NA	NA	NA	NA	NA	NA	NA	NA	NA	NA	NA	NA	NA	NA	NA	NA	NA	3/26/2020	NA	Lili Ren Institute of Pathogen Biology	NA	BALF	"Direct-zol RNA Miniprep kit and and Trizol LS for RNA extraction, RNA was then reverse transcribed, and amplified using an Ovation Trio RNA-Seq library preparation kit (NuGEN)"	Illumina HiSeq 2500
CRR125974	Shen	CRA002476	paired	V05	NA	Rhinovirus A	Negative	Community_acquired_pneumonia	Community_acquired_pneumonia	BALF	Human	59	M	NA	Beth V	NA	38.2	NA	NA	NA	NA	NA	NA	NA	NA	NA	NA	NA	NA	NA	NA	NA	NA	NA	NA	NA	NA	NA	NA	NA	NA	NA	NA	NA	NA	NA	NA	NA	NA	NA	NA	NA	NA	NA	NA	NA	NA	NA	NA	NA	NA	NA	NA	3/26/2020	NA	Lili Ren Institute of Pathogen Biology	NA	BALF	"Direct-zol RNA Miniprep kit and and Trizol LS for RNA extraction, RNA was then reverse transcribed, and amplified using an Ovation Trio RNA-Seq library preparation kit (NuGEN)"	Illumina HiSeq 2500
CRR125979	Shen	CRA002476	paired	V10	NA	Rhinovirus A	Negative	Community_acquired_pneumonia	Community_acquired_pneumonia	BALF	Human	23	M	NA	Beth V	NA	NA	NA	NA	NA	NA	NA	NA	NA	NA	NA	NA	NA	NA	NA	NA	NA	NA	NA	NA	NA	NA	NA	NA	NA	NA	NA	NA	NA	NA	NA	NA	NA	NA	NA	NA	NA	NA	NA	NA	NA	NA	NA	NA	NA	NA	NA	NA	3/26/2020	NA	Lili Ren Institute of Pathogen Biology	NA	BALF	"Direct-zol RNA Miniprep kit and and Trizol LS for RNA extraction, RNA was then reverse transcribed, and amplified using an Ovation Trio RNA-Seq library preparation kit (NuGEN)"	Illumina HiSeq 2500
CRR125981	Shen	CRA002476	paired	V12	NA	Rhinovirus A	Negative	Community_acquired_pneumonia	Community_acquired_pneumonia	BALF	Human	46	M	NA	Beth V	NA	NA	NA	NA	NA	NA	NA	NA	NA	NA	NA	NA	NA	NA	NA	NA	NA	NA	NA	NA	NA	NA	NA	NA	NA	NA	NA	NA	NA	NA	NA	NA	NA	NA	NA	NA	NA	NA	NA	NA	NA	NA	NA	NA	NA	NA	NA	NA	3/26/2020	NA	Lili Ren Institute of Pathogen Biology	NA	BALF	"Direct-zol RNA Miniprep kit and and Trizol LS for RNA extraction, RNA was then reverse transcribed, and amplified using an Ovation Trio RNA-Seq library preparation kit (NuGEN)"	Illumina HiSeq 2500
CRR125982	Shen	CRA002476	paired	V13	NA	Rhinovirus A	Negative	Community_acquired_pneumonia	Community_acquired_pneumonia	BALF	Human	22	F	NA	Beth V	NA	38.5	NA	NA	NA	NA	NA	NA	NA	NA	10	NA	NA	NA	NA	NA	NA	NA	NA	NA	NA	NA	NA	NA	NA	NA	NA	NA	NA	NA	NA	NA	NA	NA	NA	NA	NA	NA	NA	NA	NA	NA	NA	NA	NA	NA	NA	NA	3/26/2020	NA	Lili Ren Institute of Pathogen Biology	NA	BALF	"Direct-zol RNA Miniprep kit and and Trizol LS for RNA extraction, RNA was then reverse transcribed, and amplified using an Ovation Trio RNA-Seq library preparation kit (NuGEN)"	Illumina HiSeq 2500
CRR125989	Shen	CRA002476	paired	V20	NA	Rhinovirus A	Rhinovirus	Community_acquired_pneumonia	Community_acquired_pneumonia	BALF	Human	NA	NA	NA	Beth V	NA	NA	NA	NA	NA	NA	NA	NA	NA	NA	NA	NA	NA	NA	NA	NA	NA	NA	NA	NA	NA	NA	NA	NA	NA	NA	NA	NA	NA	NA	NA	NA	NA	NA	NA	NA	NA	NA	NA	NA	NA	NA	NA	NA	NA	NA	NA	NA	3/26/2020	NA	Lili Ren Institute of Pathogen Biology	NA	BALF	"Direct-zol RNA Miniprep kit and and Trizol LS for RNA extraction, RNA was then reverse transcribed, and amplified using an Ovation Trio RNA-Seq library preparation kit (NuGEN)"	Illumina HiSeq 2500
CRR125972	Shen	CRA002476	paired	V03	NA	Rhinovirus B	Adenovirus	Community_acquired_pneumonia	Community_acquired_pneumonia	BALF	Human	74	M	NA	Beth V	NA	39	NA	NA	NA	NA	NA	NA	NA	NA	2	NA	NA	NA	NA	NA	NA	NA	NA	NA	NA	NA	NA	NA	NA	NA	NA	NA	NA	NA	NA	NA	NA	NA	NA	NA	NA	NA	NA	NA	NA	NA	NA	NA	NA	NA	NA	NA	3/26/2020	NA	Lili Ren Institute of Pathogen Biology	NA	BALF	"Direct-zol RNA Miniprep kit and and Trizol LS for RNA extraction, RNA was then reverse transcribed, and amplified using an Ovation Trio RNA-Seq library preparation kit (NuGEN)"	Illumina HiSeq 2500
CRR125973	Shen	CRA002476	paired	V04	NA	Rhinovirus B	Negative	Community_acquired_pneumonia	Community_acquired_pneumonia	BALF	Human	51	F	NA	Beth V	NA	38.5	NA	NA	NA	NA	NA	NA	NA	NA	NA	NA	NA	NA	NA	NA	NA	NA	NA	NA	NA	NA	NA	NA	NA	NA	NA	NA	NA	NA	NA	NA	NA	NA	NA	NA	NA	NA	NA	NA	NA	NA	NA	NA	NA	NA	NA	NA	3/26/2020	NA	Lili Ren Institute of Pathogen Biology	NA	BALF	"Direct-zol RNA Miniprep kit and and Trizol LS for RNA extraction, RNA was then reverse transcribed, and amplified using an Ovation Trio RNA-Seq library preparation kit (NuGEN)"	Illumina HiSeq 2500
CRR125980	Shen	CRA002476	paired	V11	NA	Rhinovirus B	Negative	Community_acquired_pneumonia	Community_acquired_pneumonia	BALF	Human	45	F	NA	Beth V	NA	38.5	NA	NA	NA	NA	NA	NA	NA	NA	8	NA	NA	NA	NA	NA	NA	NA	NA	NA	NA	NA	NA	NA	NA	NA	NA	NA	NA	NA	NA	NA	NA	NA	NA	NA	NA	NA	NA	NA	NA	NA	NA	NA	NA	NA	NA	NA	3/26/2020	NA	Lili Ren Institute of Pathogen Biology	NA	BALF	"Direct-zol RNA Miniprep kit and and Trizol LS for RNA extraction, RNA was then reverse transcribed, and amplified using an Ovation Trio RNA-Seq library preparation kit (NuGEN)"	Illumina HiSeq 2500
CRR125984	Shen	CRA002476	paired	V15	NA	Rhinovirus C	Negative	Community_acquired_pneumonia	Community_acquired_pneumonia	BALF	Human	58	F	NA	Beth V	NA	39	NA	NA	NA	NA	NA	NA	NA	NA	14	NA	NA	NA	NA	NA	NA	NA	NA	NA	NA	NA	NA	NA	NA	NA	NA	NA	NA	NA	NA	NA	NA	NA	NA	NA	NA	NA	NA	NA	NA	NA	NA	NA	NA	NA	NA	NA	3/26/2020	NA	Lili Ren Institute of Pathogen Biology	NA	BALF	"Direct-zol RNA Miniprep kit and and Trizol LS for RNA extraction, RNA was then reverse transcribed, and amplified using an Ovation Trio RNA-Seq library preparation kit (NuGEN)"	Illumina HiSeq 2500
CRR125990	Shen	CRA002476	paired	V21	NA	Enterovirus D	"Rhinovirus,Influenza A virus"	Community_acquired_pneumonia	Community_acquired_pneumonia	BALF	Human	35	M	NA	Beth V	NA	NA	NA	NA	NA	NA	NA	NA	NA	NA	NA	NA	NA	NA	NA	NA	NA	NA	NA	NA	NA	NA	NA	NA	NA	NA	NA	NA	NA	NA	NA	NA	NA	NA	NA	NA	NA	NA	NA	NA	NA	NA	NA	NA	NA	NA	NA	NA	3/26/2020	NA	Lili Ren Institute of Pathogen Biology	NA	BALF	"Direct-zol RNA Miniprep kit and and Trizol LS for RNA extraction, RNA was then reverse transcribed, and amplified using an Ovation Trio RNA-Seq library preparation kit (NuGEN)"	Illumina HiSeq 2500
CRR125991	Shen	CRA002476	paired	V22	NA	Enterovirus D	Negative	Community_acquired_pneumonia	Community_acquired_pneumonia	BALF	Human	35	M	NA	Beth V	NA	NA	NA	NA	NA	NA	NA	NA	NA	NA	7	NA	NA	NA	NA	NA	NA	NA	NA	NA	NA	NA	NA	NA	NA	NA	NA	NA	NA	NA	NA	NA	NA	NA	NA	NA	NA	NA	NA	NA	NA	NA	NA	NA	NA	NA	NA	NA	3/26/2020	NA	Lili Ren Institute of Pathogen Biology	NA	BALF	"Direct-zol RNA Miniprep kit and and Trizol LS for RNA extraction, RNA was then reverse transcribed, and amplified using an Ovation Trio RNA-Seq library preparation kit (NuGEN)"	Illumina HiSeq 2500
CRR125992	Shen	CRA002476	paired	V23	NA	Enterovirus D	Negative	Community_acquired_pneumonia	Community_acquired_pneumonia	BALF	Human	85	M	NA	Beth V	NA	NA	NA	NA	NA	NA	NA	NA	NA	NA	11	NA	NA	NA	NA	NA	NA	NA	NA	NA	NA	NA	NA	NA	NA	NA	NA	NA	NA	NA	NA	NA	NA	NA	NA	NA	NA	NA	NA	NA	NA	NA	NA	NA	NA	NA	NA	NA	3/26/2020	NA	Lili Ren Institute of Pathogen Biology	NA	BALF	"Direct-zol RNA Miniprep kit and and Trizol LS for RNA extraction, RNA was then reverse transcribed, and amplified using an Ovation Trio RNA-Seq library preparation kit (NuGEN)"	Illumina HiSeq 2500
CRR125993	Shen	CRA002476	paired	V24	NA	Human coronavirus HKU1	M.pneumoniae	Community_acquired_pneumonia	Community_acquired_pneumonia	BALF	Human	72	M	NA	Beth V	NA	38.8	NA	NA	NA	NA	NA	NA	NA	NA	10	NA	NA	NA	NA	NA	NA	NA	NA	NA	NA	NA	NA	NA	NA	NA	NA	NA	NA	NA	NA	NA	NA	NA	NA	NA	NA	NA	NA	NA	NA	NA	NA	NA	NA	NA	NA	NA	3/26/2020	NA	Lili Ren Institute of Pathogen Biology	NA	BALF	"Direct-zol RNA Miniprep kit and and Trizol LS for RNA extraction, RNA was then reverse transcribed, and amplified using an Ovation Trio RNA-Seq library preparation kit (NuGEN)"	Illumina HiSeq 2500
CRR125985	Shen	CRA002476	paired	V16	NA	Influenza A virus	Negative	Community_acquired_pneumonia	Community_acquired_pneumonia	BALF	Human	NA	NA	NA	Beth V	NA	37	NA	NA	NA	NA	NA	NA	NA	NA	8	NA	NA	NA	NA	NA	NA	NA	NA	NA	NA	NA	NA	NA	NA	NA	NA	NA	NA	NA	NA	NA	NA	NA	NA	NA	NA	NA	NA	NA	NA	NA	NA	NA	NA	NA	NA	NA	3/26/2020	NA	Lili Ren Institute of Pathogen Biology	NA	BALF	"Direct-zol RNA Miniprep kit and and Trizol LS for RNA extraction, RNA was then reverse transcribed, and amplified using an Ovation Trio RNA-Seq library preparation kit (NuGEN)"	Illumina HiSeq 2500
CRR125986	Shen	CRA002476	paired	V17	NA	Influenza A virus	Negative	Community_acquired_pneumonia	Community_acquired_pneumonia	BALF	Human	NA	NA	NA	Beth V	NA	37	NA	NA	NA	NA	NA	NA	NA	NA	13	NA	NA	NA	NA	NA	NA	NA	NA	NA	NA	NA	NA	NA	NA	NA	NA	NA	NA	NA	NA	NA	NA	NA	NA	NA	NA	NA	NA	NA	NA	NA	NA	NA	NA	NA	NA	NA	3/26/2020	NA	Lili Ren Institute of Pathogen Biology	NA	BALF	"Direct-zol RNA Miniprep kit and and Trizol LS for RNA extraction, RNA was then reverse transcribed, and amplified using an Ovation Trio RNA-Seq library preparation kit (NuGEN)"	Illumina HiSeq 2500
CRR125987	Shen	CRA002476	paired	V18	NA	Influenza A virus	Negative	Community_acquired_pneumonia	Community_acquired_pneumonia	BALF	Human	NA	NA	NA	Beth V	NA	NA	NA	NA	NA	NA	NA	NA	NA	NA	NA	NA	NA	NA	NA	NA	NA	NA	NA	NA	NA	NA	NA	NA	NA	NA	NA	NA	NA	NA	NA	NA	NA	NA	NA	NA	NA	NA	NA	NA	NA	NA	NA	NA	NA	NA	NA	NA	3/26/2020	NA	Lili Ren Institute of Pathogen Biology	NA	BALF	"Direct-zol RNA Miniprep kit and and Trizol LS for RNA extraction, RNA was then reverse transcribed, and amplified using an Ovation Trio RNA-Seq library preparation kit (NuGEN)"	Illumina HiSeq 2500
CRR125994	Shen	CRA002476	paired	V25	NA	Influenza A virus	Negative	Community_acquired_pneumonia	Community_acquired_pneumonia	BALF	Human	NA	NA	NA	Beth V	NA	36.8	NA	NA	NA	NA	NA	NA	NA	NA	6	NA	NA	NA	NA	NA	NA	NA	NA	NA	NA	NA	NA	NA	NA	NA	NA	NA	NA	NA	NA	NA	NA	NA	NA	NA	NA	NA	NA	NA	NA	NA	NA	NA	NA	NA	NA	NA	3/26/2020	NA	Lili Ren Institute of Pathogen Biology	NA	BALF	"Direct-zol RNA Miniprep kit and and Trizol LS for RNA extraction, RNA was then reverse transcribed, and amplified using an Ovation Trio RNA-Seq library preparation kit (NuGEN)"	Illumina HiSeq 2500
CRR125976	Shen	CRA002476	paired	V07	NA	Influenza B virus	Negative	Community_acquired_pneumonia	Community_acquired_pneumonia	BALF	Human	NA	M	NA	Beth V	NA	39.7	NA	NA	NA	NA	NA	NA	NA	NA	10	NA	NA	NA	NA	NA	NA	NA	NA	NA	NA	NA	NA	NA	NA	NA	NA	NA	NA	NA	NA	NA	NA	NA	NA	NA	NA	NA	NA	NA	NA	NA	NA	NA	NA	NA	NA	NA	3/26/2020	NA	Lili Ren Institute of Pathogen Biology	NA	BALF	"Direct-zol RNA Miniprep kit and and Trizol LS for RNA extraction, RNA was then reverse transcribed, and amplified using an Ovation Trio RNA-Seq library preparation kit (NuGEN)"	Illumina HiSeq 2500
CRR125988	Shen	CRA002476	paired	V19	NA	Influenza B virus	Rhinovirus	Community_acquired_pneumonia	Community_acquired_pneumonia	BALF	Human	68	M	NA	Beth V	NA	NA	NA	NA	NA	NA	NA	NA	NA	NA	NA	NA	NA	NA	NA	NA	NA	NA	NA	NA	NA	NA	NA	NA	NA	NA	NA	NA	NA	NA	NA	NA	NA	NA	NA	NA	NA	NA	NA	NA	NA	NA	NA	NA	NA	NA	NA	NA	3/26/2020	NA	Lili Ren Institute of Pathogen Biology	NA	BALF	"Direct-zol RNA Miniprep kit and and Trizol LS for RNA extraction, RNA was then reverse transcribed, and amplified using an Ovation Trio RNA-Seq library preparation kit (NuGEN)"	Illumina HiSeq 2500
CRR125975	Shen	CRA002476	paired	V06	NA	Human orthopneumovirus	Negative	Community_acquired_pneumonia	Community_acquired_pneumonia	BALF	Human	NA	F	NA	Beth V	NA	39.8	NA	NA	NA	NA	NA	NA	NA	NA	NA	NA	NA	NA	NA	NA	NA	NA	NA	NA	NA	NA	NA	NA	NA	NA	NA	NA	NA	NA	NA	NA	NA	NA	NA	NA	NA	NA	NA	NA	NA	NA	NA	NA	NA	NA	NA	NA	3/26/2020	NA	Lili Ren Institute of Pathogen Biology	NA	BALF	"Direct-zol RNA Miniprep kit and and Trizol LS for RNA extraction, RNA was then reverse transcribed, and amplified using an Ovation Trio RNA-Seq library preparation kit (NuGEN)"	Illumina HiSeq 2500
CRR125977	Shen	CRA002476	paired	V08	NA	Human orthopneumovirus	Negative	Community_acquired_pneumonia	Community_acquired_pneumonia	BALF	Human	39	F	NA	Beth V	NA	NA	NA	NA	NA	NA	NA	NA	NA	NA	NA	NA	NA	NA	NA	NA	NA	NA	NA	NA	NA	NA	NA	NA	NA	NA	NA	NA	NA	NA	NA	NA	NA	NA	NA	NA	NA	NA	NA	NA	NA	NA	NA	NA	NA	NA	NA	NA	3/26/2020	NA	Lili Ren Institute of Pathogen Biology	NA	BALF	"Direct-zol RNA Miniprep kit and and Trizol LS for RNA extraction, RNA was then reverse transcribed, and amplified using an Ovation Trio RNA-Seq library preparation kit (NuGEN)"	Illumina HiSeq 2500
CRR125978	Shen	CRA002476	paired	V09	NA	Human orthopneumovirus	Negative	Community_acquired_pneumonia	Community_acquired_pneumonia	BALF	Human	57	M	NA	Beth V	NA	NA	NA	NA	NA	NA	NA	NA	NA	NA	NA	NA	NA	NA	NA	NA	NA	NA	NA	NA	NA	NA	NA	NA	NA	NA	NA	NA	NA	NA	NA	NA	NA	NA	NA	NA	NA	NA	NA	NA	NA	NA	NA	NA	NA	NA	NA	NA	3/26/2020	NA	Lili Ren Institute of Pathogen Biology	NA	BALF	"Direct-zol RNA Miniprep kit and and Trizol LS for RNA extraction, RNA was then reverse transcribed, and amplified using an Ovation Trio RNA-Seq library preparation kit (NuGEN)"	Illumina HiSeq 2500
CRR125983	Shen	CRA002476	paired	V14	NA	Measles morbillivirus	Negative	Community_acquired_pneumonia	Community_acquired_pneumonia	BALF	Human	24	F	NA	Beth V	NA	39	NA	NA	NA	NA	NA	NA	NA	NA	12	NA	NA	NA	NA	NA	NA	NA	NA	NA	NA	NA	NA	NA	NA	NA	NA	NA	NA	NA	NA	NA	NA	NA	NA	NA	NA	NA	NA	NA	NA	NA	NA	NA	NA	NA	NA	NA	3/26/2020	NA	Lili Ren Institute of Pathogen Biology	NA	BALF	"Direct-zol RNA Miniprep kit and and Trizol LS for RNA extraction, RNA was then reverse transcribed, and amplified using an Ovation Trio RNA-Seq library preparation kit (NuGEN)"	Illumina HiSeq 2500
SRR10903401	Chen	PRJNA601736	paired	wuhan_patient_2	P02	CoV2	NA	COVID19	COVID_19	BALF	Human	21	female	recovered	Jochum	chest_CT	37.7	aggravated	NA	NA	NA	NA	NA	5	NA	NA	Seafood market	12/25/2019	1/12/2020	1.5	NA	admit	NA	NA	NA	NA	NA	NA	2.89	NA	1.92	0.46	NA	127.5	117	47	33	30	35	10	247	2.7	57.2	NA	NA	NA	NA	NA	NA	NA	NA	none	1/2/2020	1/18/2020	State Key Laboratory of Virology	"Wuhan University, Mang Shi"	"Wuhan, China"	BALF from 21 year old female COVID-19 patient with pneumonia	"NuGEN RNA-Seq Library Preparation Kit, which includes DNase treatment"	Illumina MiSeq
SRR10903402	Chen	PRJNA601736	paired	wuhan_patient_1	P01	CoV2	NA	COVID19	COVID_19	BALF	Human	39	male	recovered	Jochum	chest_CT	40	yes	NA	NA	NA	NA	NA	NA	86	NA	Seafood market	12/28/2019	1/11/2020	0.62	NA	admit	NA	NA	NA	NA	NA	NA	5.23	NA	3.58	1.32	NA	138.6	170	65.9	92	30	36	11	313	2.81	73.9	NA	NA	NA	NA	NA	NA	NA	NA	none	1/2/2020	1/18/2020	State Key Laboratory of Virology	"Wuhan University, Mang Shi"	"Wuhan, China"	BALF from 39 year old male COVID-19 patient with pneumonia	"NuGEN RNA-Seq Library Preparation Kit, which includes DNase treatment"	Illumina MiSeq
SRR10971381	Wu	PRJNA603194	paired	patient_1	na	CoV2	NA	COVID19	COVID_19	BALF	Human	41	male	NA	Jochum	"chest_CT,Xray"	38.4	yes	TRUE	Cefoselis	Oseltamivir	mecanical ventilation	NA	6	92	NA	Seafood Market	12/26/2019	NA	NA	41.4	ICU	NA	NA	NA	NA	NA	NA	NA	NA	NA	NA	NA	NA	NA	NA	elevated	elevated	elevated	NA	elevated	NA	NA	NA	NA	NA	NA	NA	NA	NA	NA	none	1/2/2020	1/27/2020	The Central Hospital of Wuhan	"Fudan University, Yan-Mei Chen"	"Wuhan, China"	BALF from 41 year old male COVID-19 patient with pneumonia	"RNeasy Plus Universal Mini Kit, which includes genomic DNA removal, and SMARTer Stranded Total RNA-Seq Kit v2 with rRNA depletion"	Illumina MiniSeq
SRR11092056	Zhou	PRJNA605983	paired	WIV06	WIV06	CoV2	NA	COVID19	COVID_19	BALF	Human	40	male	stabilized	Zaksas	NA	38.5	expectoration	NA	NA	NA	NA	12/22/2019	6	NA	22	Seafood Market	12/28/2019	NA	>1:80	NA	ICU	21.6	29.4	NA	NA	NA	NA	NA	NA	NA	NA	NA	NA	NA	NA	NA	NA	NA	NA	NA	NA	NA	NA	NA	NA	NA	NA	NA	negative	NA	First sampling 12/30/2019	12/30/2019	2/15/2020	Wuhan Jinyintan Hospital	"Wuhan Institute of Virology, Chinese Academy of Sciences, Zheng Shi"	"Wuhan, China"	"BALF from COVID-19 patient, date of onset = 2019.12.22, date of admission = 2019.12.28, symptoms when admitted = fever (38.5 C), expectoration, status on 2020.01.03 = fever (38.5 C), malaise, expectoration, dizziness "	"QIAamp Viral RNA Mini Kit for RNA extraction (not meant to capture human transcripts), NEBNext Ultra II Directional RNA Kit"	Illumina MiSeq
SRR11092057	Zhou	PRJNA605983	paired	WIV04	WIV04	CoV2	NA	COVID19	COVID_19	BALF	Human	49	female	stabilized	Zaksas	NA	37.9	yes	NA	NA	NA	NA	12/23/2019	4	NA	21	Seafood Market	12/27/2019	NA	>1:80	NA	ICU	18.3	27.7	NA	positive	NA	NA	NA	NA	NA	NA	NA	NA	NA	NA	NA	NA	NA	NA	NA	NA	NA	NA	NA	NA	NA	NA	NA	Coronavirus (nt)	NA	First sampling 12/30/2019	12/30/2019	2/15/2020	Wuhan Jinyintan Hospital	"Wuhan Institute of Virology, Chinese Academy of Sciences, Zheng Shi"	"Wuhan, China"	"BALF from COVID-19 patient, date of onset = 2019.12.23, date of admission = 2019.12.27, symptoms when admitted = fever (37.9 C), palpitation, status on 2020.01.03 = fever, malaise, cough"	"QIAamp Viral RNA Mini Kit for RNA extraction (not meant to capture human transcripts), NEBNext Ultra II Directional RNA Kit"	Illumina MiSeq
SRR11092058	Zhou	PRJNA605983	paired	WIV02	WIV02	CoV2	NA	COVID19	COVID_19	BALF	Human	32	male	stabilized	Zaksas	NA	yes	intermittent	NA	NA	NA	NA	12/19/2019	10	NA	25	Seafood Market	12/29/2019	NA	>1:80	NA	ICU	17.6	26.6	NA	NA	NA	NA	NA	NA	NA	NA	NA	NA	NA	NA	NA	NA	NA	NA	NA	NA	NA	NA	NA	NA	NA	NA	NA	negative	NA	First sampling 12/30/2019	12/30/2019	2/15/2020	Wuhan Jinyintan Hospital	"Wuhan Institute of Virology, Chinese Academy of Sciences, Zheng Shi"	"Wuhan, China"	"BALF from COVID-19 patient, date of onset = 2019.12.19, date of admission = 2019.12.29, symptoms when admitted = fever, cough, dyspnea, status on 2020.01.03 = fever, intermittent cough "	"QIAamp Viral RNA Mini Kit for RNA extraction (not meant to capture human transcripts), NEBNext Ultra II Directional RNA Kit"	Illumina MiSeq
SRR11092059	Zhou	PRJNA605983	paired	WIV07-2	WIV07	CoV2	NA	COVID19	COVID_19	BALF	Human	56	male	stabilized	Zaksas	NA	yes	yes	NA	NA	NA	NA	12/20/2019	0	NA	24	Seafood Market	12/20/2019	NA	>1:80	NA	ICU	NA	negative	negative	positive	negative	NA	NA	NA	NA	NA	NA	NA	NA	NA	NA	NA	NA	NA	NA	NA	NA	NA	NA	NA	NA	NA	NA	negative	NA	Second sampling 01/10/2020	12/30/2019	2/15/2020	Wuhan Jinyintan Hospital	"Wuhan Institute of Virology, Chinese Academy of Sciences, Zheng Shi"	"Wuhan, China"	"BALF from COVID-19 patient with pneumonia, date of onset = 2019.12.20, date of admission = 2019.12.20, symptoms when admitted = fever, dyspnea, chest tightness, status on 2020.01.03 = fever, malaise, cough, dyspnea"	"QIAamp Viral RNA Mini Kit for RNA extraction (not meant to capture human transcripts), NEBNext Ultra II Directional RNA Kit"	Illumina HiSeq 3000
SRR11092060	Zhou	PRJNA605983	paired	WIV06-2	WIV06	CoV2	NA	COVID19	COVID_19	BALF	Human	40	male	stabilized	Zaksas	NA	38.5	expectoration	NA	NA	NA	NA	12/22/2019	6	NA	22	Seafood Market	12/28/2019	NA	>1:80	NA	ICU	NA	negative	negative	positive	negative	NA	NA	NA	NA	NA	NA	NA	NA	NA	NA	NA	NA	NA	NA	NA	NA	NA	NA	NA	NA	NA	NA	negative	NA	Second sampling 01/10/2020	12/30/2019	2/15/2020	Wuhan Jinyintan Hospital	"Wuhan Institute of Virology, Chinese Academy of Sciences, Zheng Shi"	"Wuhan, China"	"BALF from COVID-19 patient, date of onset = 2019.12.22, date of admission = 2019.12.28, symptoms when admitted = fever (38.5 C), expectoration, status on 2020.01.03 = fever (38.5 C), malaise, expectoration, dizziness "	"QIAamp Viral RNA Mini Kit for RNA extraction (not meant to capture human transcripts), NEBNext Ultra II Directional RNA Kit"	Illumina HiSeq 3000
SRR11092061	Zhou	PRJNA605983	paired	WIV05	WIV05	CoV2	NA	COVID19	COVID_19	BALF	Human	52	female	recovered	Zaksas	NA	38.5	expectoration	NA	NA	NA	NA	12/22/2019	7	NA	22	Seafood Market	12/29/2019	NA	NA	NA	ICU	24.1	negative	NA	NA	NA	NA	NA	NA	NA	NA	NA	NA	NA	NA	NA	NA	NA	NA	NA	NA	NA	NA	NA	NA	NA	NA	NA	Streptococcus pneumoniae (nt)	NA	"First sampling 12/30/2019, was not available for second sampling"	12/30/2019	2/16/2020	Wuhan Jinyintan Hospital	"Wuhan Institute of Virology, Chinese Academy of Sciences, Zheng Shi"	"Wuhan, China"	"BALF from COVID-19 patient,  date of onset = 2019.12.22, date of admission = 2019.12.29, symptoms when admitted = fever (38.5 C), expectoration, malaise, dyspnea, status on 2020.01.03 = recover, discharged"	"QIAamp Viral RNA Mini Kit for RNA extraction (not meant to capture human transcripts), NEBNext Ultra II Directional RNA Kit"	Illumina HiSeq 3000
SRR11092062	Zhou	PRJNA605983	paired	WIV04-2	WIV04	CoV2	NA	COVID19	COVID_19	BALF	Human	49	female	stabilized	Zaksas	NA	37.9	yes	NA	NA	NA	NA	12/23/2019	4	NA	21	Seafood Market	12/27/2019	NA	>1:80	NA	ICU	NA	negative	negative	positive	negative	NA	NA	NA	NA	NA	NA	NA	NA	NA	NA	NA	NA	NA	NA	NA	NA	NA	NA	NA	NA	NA	NA	Coronavirus (nt)	NA	Second sampling 01/10/2020	12/30/2019	2/15/2020	Wuhan Jinyintan Hospital	"Wuhan Institute of Virology, Chinese Academy of Sciences, Zheng Shi"	"Wuhan, China"	"BALF from COVID-19 patient, date of onset = 2019.12.23, date of admission = 2019.12.27, symptoms when admitted = fever (37.9 C), palpitation, status on 2020.01.03 = fever, malaise, cough"	"QIAamp Viral RNA Mini Kit for RNA extraction (not meant to capture human transcripts), NEBNext Ultra II Directional RNA Kit"	Illumina HiSeq 1000
SRR11092063	Zhou	PRJNA605983	paired	WIV02-2	WIV02	CoV2	NA	COVID19	COVID_19	BALF	Human	32	male	stabilized	Zaksas	NA	yes	intermittent	NA	NA	NA	NA	12/19/2019	10	NA	25	Seafood Market	12/29/2019	NA	>1:80	NA	ICU	NA	negative	negative	positive	negative	NA	NA	NA	NA	NA	NA	NA	NA	NA	NA	NA	NA	NA	NA	NA	NA	NA	NA	NA	NA	NA	NA	negative	NA	Second sampling 01/10/2020	12/30/2019	2/16/2020	Wuhan Jinyintan Hospital	"Wuhan Institute of Virology, Chinese Academy of Sciences, Zheng Shi"	"Wuhan, China"	"BALF from COVID-19 patient, date of onset = 2019.12.19, date of admission = 2019.12.29, symptoms when admitted = fever, cough, dyspnea, status on 2020.01.03 = fever, intermittent cough "	"QIAamp Viral RNA Mini Kit for RNA extraction (not meant to capture human transcripts), NEBNext Ultra II Directional RNA Kit"	Illumina HiSeq 3000
SRR11092064	Zhou	PRJNA605983	paired	WIV07	WIV07	CoV2	NA	COVID19	COVID_19	BALF	Human	56	male	stabilized	Zaksas	NA	yes	yes	NA	NA	NA	NA	12/20/2019	0	NA	24	Seafood Market	12/20/2019	NA	>1:80	NA	ICU	25.7	24.4	NA	NA	NA	NA	NA	NA	NA	NA	NA	NA	NA	NA	NA	NA	NA	NA	NA	NA	NA	NA	NA	NA	NA	NA	NA	negative	NA	First sampling 12/30/2019	12/30/2019	2/15/2020	Wuhan Jinyintan Hospital	"Wuhan Institute of Virology, Chinese Academy of Sciences, Zheng Shi"	"Wuhan, China"	"BALF from COVID-19 patient with pneumonia, date of onset = 2019.12.20, date of admission = 2019.12.20, symptoms when admitted = fever, dyspnea, chest tightness, status on 2020.01.03 = fever, malaise, cough, dyspnea"	"QIAamp Viral RNA Mini Kit for RNA extraction (not meant to capture human transcripts), NEBNext Ultra II Directional RNA Kit"	Illumina MiSeq
CRR119894	Xiong	PRJCA002326	paired	patient1_rep1	P1	CoV2	NA	COVID19	COVID_19	BALF	Human	74	male	NA	Zaksas	NA	NA	NA	NA	NA	NA	NA	NA	NA	NA	NA	NA	NA	NA	NA	NA	NA	NA	NA	NA	NA	NA	NA	5.58	2.92	5.26	0.14	0.17	85.2	55	NA	NA	NA	NA	NA	NA	NA	NA	48.13	0.58	11.41	NA	NA	Yes	NA	NA	Clinical laboratory test results received 02/12/2020	na	4/1/2020	"State Key Laboratory of Virology, Department of Infectious Disease, Zhongnan Hospital of Wuhan University"	"Wuhan University, Yu Zhou"	"Wuhan, China"	"BALF from 74 year old male COVID-19 patient 1, repeat 1"	"Messenger RNAs were purified using oligo-dTs covalently coupled magnetic beads, \specific chemicals\"" were used to ensure that only RNAs were used as template"""	Illumina MiSeq
CRR119895	Xiong	PRJCA002326	paired	patient1_rep2	P1	CoV2	NA	COVID19	COVID_19	BALF	Human	74	male	NA	Zaksas	NA	NA	NA	NA	NA	NA	NA	NA	NA	NA	NA	NA	NA	NA	NA	NA	NA	NA	NA	NA	NA	NA	NA	5.58	2.92	5.26	0.14	0.17	85.2	55	NA	NA	NA	NA	NA	NA	NA	NA	48.13	0.58	11.41	NA	NA	Yes	NA	NA	Clinical laboratory test results received 02/12/2020	na	4/1/2020	"State Key Laboratory of Virology, Department of Infectious Disease, Zhongnan Hospital of Wuhan University"	"Wuhan University, Yu Zhou"	"Wuhan, China"	"BALF from 74 year old male COVID-19 patient 1, repeat 2"	"Messenger RNAs were purified using oligo-dTs covalently coupled magnetic beads, \specific chemicals\"" were used to ensure that only RNAs were used as template"""	Illumina MiSeq
CRR119896	Xiong	PRJCA002326	paired	patient2_rep1	P2	CoV2	NA	COVID19	COVID_19	BALF	Human	37	male	NA	Zaksas	NA	NA	NA	NA	NA	NA	NA	NA	NA	NA	NA	NA	NA	NA	NA	NA	NA	NA	NA	NA	NA	NA	NA	3.47	2.39	2.38	0.64	0.33	97.1	100	NA	NA	NA	NA	NA	NA	NA	NA	1.93	0.11	6.18	NA	NA	Yes	NA	NA	Clinical laboratory test results received 02/12/2020	na	4/1/2020	"State Key Laboratory of Virology, Department of Infectious Disease, Zhongnan Hospital of Wuhan University"	"Wuhan University, Yu Zhou"	"Wuhan, China"	"BALF from 37 year old male COVID-19 patient 2, repeat 1"	"Messenger RNAs were purified using oligo-dTs covalently coupled magnetic beads, \specific chemicals\"" were used to ensure that only RNAs were used as template"""	Illumina MiSeq
CRR119897	Xiong	PRJCA002326	paired	patient2_rep2	P2	CoV2	NA	COVID19	COVID_19	BALF	Human	37	male	NA	Zaksas	NA	NA	NA	NA	NA	NA	NA	NA	NA	NA	NA	NA	NA	NA	NA	NA	NA	NA	NA	NA	NA	NA	NA	3.47	2.39	2.38	0.64	0.33	97.1	100	NA	NA	NA	NA	NA	NA	NA	NA	1.93	0.11	6.18	NA	NA	Yes	NA	NA	Clinical laboratory test results received 02/12/2020	na	4/1/2020	"State Key Laboratory of Virology, Department of Infectious Disease, Zhongnan Hospital of Wuhan University"	"Wuhan University, Yu Zhou"	"Wuhan, China"	"BALF from 37 year old male COVID-19 patient 2, repeat 2"	"Messenger RNAs were purified using oligo-dTs covalently coupled magnetic beads, \specific chemicals\"" were used to ensure that only RNAs were used as template"""	Illumina MiSeq
SRR11059940_PE	Shen	PRJNA605907	paired	nCov-RNA-8	WH19053	CoV2	negative	COVID19	COVID_19	BALF	Human	41	male	NA	B Vitalis	NA	NA	NA	NA	NA	NA	NA	NA	NA	NA	4	NA	NA	NA	NA	NA	NA	NA	NA	NA	NA	NA	NA	NA	NA	NA	NA	NA	NA	NA	NA	NA	NA	NA	NA	NA	NA	NA	NA	NA	NA	NA	NA	NA	NA	NA	NA	12/30/2019	2/22/2020	"Institute of Pathogen Biology, Chinese Academy of Medical Sciences and Peking Union Medical College"	"Beijing Institute of Genomics, Chinese Academy of Sciences, Zijie Shen"	"Wuhan, China"	BALF from 41 year old male COVID-19 patient with pneumonia	"Direct-zol RNA Miniprep kit and and Trizol LS for RNA extraction, RNA was then reverse transcribed, and amplified using an Ovation Trio RNA-Seq library preparation kit (NuGEN)"	Illumina HiSeq 2500
SRR11059940_SE	Shen	PRJNA605907	single	nCov-RNA-8	WH19053	CoV2	NA	COVID19	COVID_19	BALF	Human	41	male	NA	B Vitalis	NA	NA	NA	NA	NA	NA	NA	NA	NA	NA	4	NA	NA	NA	NA	NA	NA	NA	NA	NA	NA	NA	NA	NA	NA	NA	NA	NA	NA	NA	NA	NA	NA	NA	NA	NA	NA	NA	NA	NA	NA	NA	NA	NA	NA	NA	NA	12/30/2019	2/22/2020	"Institute of Pathogen Biology, Chinese Academy of Medical Sciences and Peking Union Medical College"	"Beijing Institute of Genomics, Chinese Academy of Sciences, Zijie Shen"	"Wuhan, China"	BALF from 41 year old male COVID-19 patient with pneumonia	"Direct-zol RNA Miniprep kit and and Trizol LS for RNA extraction, RNA was then reverse transcribed, and amplified using an Ovation Trio RNA-Seq library preparation kit (NuGEN)"	Illumina HiSeq 2500
SRR11059941_PE	Shen	PRJNA605907	paired	nCov-RNA-7	WH19016	CoV2	negative	COVID19	COVID_19	BALF	Human	53	female	recovered	B Vitalis	NA	NA	NA	NA	NA	NA	NA	NA	NA	NA	7	NA	NA	NA	NA	NA	NA	NA	NA	NA	NA	NA	NA	NA	NA	NA	NA	NA	NA	NA	NA	NA	NA	NA	NA	NA	NA	NA	NA	NA	NA	NA	NA	NA	NA	NA	NA	1/1/2020	2/22/2020	"Institute of Pathogen Biology, Chinese Academy of Medical Sciences and Peking Union Medical College"	"Beijing Institute of Genomics, Chinese Academy of Sciences, Zijie Shen"	"Wuhan, China"	BALF from 53 year old female COVID-19 patient with pneumonia	"Direct-zol RNA Miniprep kit and and Trizol LS for RNA extraction, RNA was then reverse transcribed, and amplified using an Ovation Trio RNA-Seq library preparation kit (NuGEN)"	Illumina HiSeq 2500
SRR11059941_SE	Shen	PRJNA605907	single	nCov-RNA-7	WH19016	CoV2	negative	COVID19	COVID_19	BALF	Human	53	female	recovered	B Vitalis	NA	NA	NA	NA	NA	NA	NA	NA	NA	NA	7	NA	NA	NA	NA	NA	NA	NA	NA	NA	NA	NA	NA	NA	NA	NA	NA	NA	NA	NA	NA	NA	NA	NA	NA	NA	NA	NA	NA	NA	NA	NA	NA	NA	NA	NA	NA	1/1/2020	2/22/2020	"Institute of Pathogen Biology, Chinese Academy of Medical Sciences and Peking Union Medical College"	"Beijing Institute of Genomics, Chinese Academy of Sciences, Zijie Shen"	"Wuhan, China"	BALF from 53 year old female COVID-19 patient with pneumonia	"Direct-zol RNA Miniprep kit and and Trizol LS for RNA extraction, RNA was then reverse transcribed, and amplified using an Ovation Trio RNA-Seq library preparation kit (NuGEN)"	Illumina HiSeq 2500
SRR11059942_PE	Shen	PRJNA605907	paired	nCov-RNA-6	WH19012	CoV2	negative	COVID19	COVID_19	BALF	Human	56	male	deceased	B Vitalis	NA	NA	NA	NA	NA	NA	NA	NA	NA	NA	10	NA	NA	NA	NA	NA	ICU	NA	NA	NA	NA	NA	NA	NA	NA	NA	NA	NA	NA	NA	NA	NA	NA	NA	NA	NA	NA	NA	NA	NA	NA	NA	NA	NA	NA	NA	NA	12/30/2019	2/22/2020	"Institute of Pathogen Biology, Chinese Academy of Medical Sciences and Peking Union Medical College"	"Beijing Institute of Genomics, Chinese Academy of Sciences, Zijie Shen"	"Wuhan, China"	BALF from 56 year old male COVID-19 patient with pneumonia	"Direct-zol RNA Miniprep kit and and Trizol LS for RNA extraction, RNA was then reverse transcribed, and amplified using an Ovation Trio RNA-Seq library preparation kit (NuGEN)"	Illumina HiSeq 2500
SRR11059942_SE	Shen	PRJNA605907	single	nCov-RNA-6	WH19012	CoV2	negative	COVID19	COVID_19	BALF	Human	56	male	deceased	B Vitalis	NA	NA	NA	NA	NA	NA	NA	NA	NA	NA	10	NA	NA	NA	NA	NA	ICU	NA	NA	NA	NA	NA	NA	NA	NA	NA	NA	NA	NA	NA	NA	NA	NA	NA	NA	NA	NA	NA	NA	NA	NA	NA	NA	NA	NA	NA	NA	12/30/2019	2/22/2020	"Institute of Pathogen Biology, Chinese Academy of Medical Sciences and Peking Union Medical College"	"Beijing Institute of Genomics, Chinese Academy of Sciences, Zijie Shen"	"Wuhan, China"	BALF from 56 year old male COVID-19 patient with pneumonia	"Direct-zol RNA Miniprep kit and and Trizol LS for RNA extraction, RNA was then reverse transcribed, and amplified using an Ovation Trio RNA-Seq library preparation kit (NuGEN)"	Illumina HiSeq 2500
SRR11059943_PE	Shen	PRJNA605907	paired	nCov-RNA-5	WH19010	CoV2	negative	COVID19	COVID_19	BALF	Human	40	male	deceased	B Vitalis	NA	NA	NA	NA	NA	NA	NA	NA	NA	NA	8	NA	NA	NA	NA	NA	ICU	NA	NA	NA	NA	NA	NA	NA	NA	NA	NA	NA	NA	NA	NA	NA	NA	NA	NA	NA	NA	NA	NA	NA	NA	NA	NA	NA	NA	NA	NA	12/30/2019	2/22/2020	"Institute of Pathogen Biology, Chinese Academy of Medical Sciences and Peking Union Medical College"	"Beijing Institute of Genomics, Chinese Academy of Sciences, Zijie Shen"	"Wuhan, China"	BALF from 40 year old male COVID-19 patient with pneumonia	"Direct-zol RNA Miniprep kit and and Trizol LS for RNA extraction, RNA was then reverse transcribed, and amplified using an Ovation Trio RNA-Seq library preparation kit (NuGEN)"	Illumina HiSeq 2500
SRR11059943_SE	Shen	PRJNA605907	single	nCov-RNA-5	WH19010	CoV2	negative	COVID19	COVID_19	BALF	Human	40	male	deceased	B Vitalis	NA	NA	NA	NA	NA	NA	NA	NA	NA	NA	8	NA	NA	NA	NA	NA	ICU	NA	NA	NA	NA	NA	NA	NA	NA	NA	NA	NA	NA	NA	NA	NA	NA	NA	NA	NA	NA	NA	NA	NA	NA	NA	NA	NA	NA	NA	NA	12/30/2019	2/22/2020	"Institute of Pathogen Biology, Chinese Academy of Medical Sciences and Peking Union Medical College"	"Beijing Institute of Genomics, Chinese Academy of Sciences, Zijie Shen"	"Wuhan, China"	BALF from 40 year old male COVID-19 patient with pneumonia	"Direct-zol RNA Miniprep kit and and Trizol LS for RNA extraction, RNA was then reverse transcribed, and amplified using an Ovation Trio RNA-Seq library preparation kit (NuGEN)"	Illumina HiSeq 2500
SRR11059944_PE	Shen	PRJNA605907	paired	nCov-RNA-4	WH19004	CoV2	negative	COVID19	COVID_19	BALF	Human	61	male	recovered	B Vitalis	NA	NA	NA	NA	NA	NA	NA	NA	NA	NA	12	NA	NA	NA	NA	NA	ICU	NA	NA	NA	NA	NA	NA	NA	NA	NA	NA	NA	NA	NA	NA	NA	NA	NA	NA	NA	NA	NA	NA	NA	NA	NA	NA	NA	NA	NA	NA	1/1/2020	2/22/2020	"Institute of Pathogen Biology, Chinese Academy of Medical Sciences and Peking Union Medical College"	"Beijing Institute of Genomics, Chinese Academy of Sciences, Zijie Shen"	"Wuhan, China"	BALF from 61 year old male COVID-19 patient with pneumonia	"Direct-zol RNA Miniprep kit and and Trizol LS for RNA extraction, RNA was then reverse transcribed, and amplified using an Ovation Trio RNA-Seq library preparation kit (NuGEN)"	Illumina HiSeq 2500
SRR11059944_SE	Shen	PRJNA605907	single	nCov-RNA-4	WH19004	CoV2	negative	COVID19	COVID_19	BALF	Human	61	male	recovered	B Vitalis	NA	NA	NA	NA	NA	NA	NA	NA	NA	NA	12	NA	NA	NA	NA	NA	ICU	NA	NA	NA	NA	NA	NA	NA	NA	NA	NA	NA	NA	NA	NA	NA	NA	NA	NA	NA	NA	NA	NA	NA	NA	NA	NA	NA	NA	NA	NA	1/1/2020	2/22/2020	"Institute of Pathogen Biology, Chinese Academy of Medical Sciences and Peking Union Medical College"	"Beijing Institute of Genomics, Chinese Academy of Sciences, Zijie Shen"	"Wuhan, China"	BALF from 61 year old male COVID-19 patient with pneumonia	"Direct-zol RNA Miniprep kit and and Trizol LS for RNA extraction, RNA was then reverse transcribed, and amplified using an Ovation Trio RNA-Seq library preparation kit (NuGEN)"	Illumina HiSeq 2500
SRR11059945_PE	Shen	PRJNA605907	paired	nCov-RNA-3	WH19003	CoV2	negative	COVID19	COVID_19	BALF	Human	40	male	deceased	B Vitalis	NA	NA	NA	NA	NA	NA	NA	NA	NA	NA	15	NA	NA	NA	NA	NA	ICU	NA	NA	NA	NA	NA	NA	NA	NA	NA	NA	NA	NA	NA	NA	NA	NA	NA	NA	NA	NA	NA	NA	NA	NA	NA	NA	NA	NA	NA	NA	12/30/2019	2/22/2020	"Institute of Pathogen Biology, Chinese Academy of Medical Sciences and Peking Union Medical College"	"Beijing Institute of Genomics, Chinese Academy of Sciences, Zijie Shen"	"Wuhan, China"	BALF from 40 year old male COVID-19 patient with pneumonia	"Direct-zol RNA Miniprep kit and and Trizol LS for RNA extraction, RNA was then reverse transcribed, and amplified using an Ovation Trio RNA-Seq library preparation kit (NuGEN)"	Illumina HiSeq 2500
SRR11059945_SE	Shen	PRJNA605907	single	nCov-RNA-3	WH19003	CoV2	negative	COVID19	COVID_19	BALF	Human	40	male	deceased	B Vitalis	NA	NA	NA	NA	NA	NA	NA	NA	NA	NA	15	NA	NA	NA	NA	NA	ICU	NA	NA	NA	NA	NA	NA	NA	NA	NA	NA	NA	NA	NA	NA	NA	NA	NA	NA	NA	NA	NA	NA	NA	NA	NA	NA	NA	NA	NA	NA	12/30/2019	2/22/2020	"Institute of Pathogen Biology, Chinese Academy of Medical Sciences and Peking Union Medical College"	"Beijing Institute of Genomics, Chinese Academy of Sciences, Zijie Shen"	"Wuhan, China"	BALF from 40 year old male COVID-19 patient with pneumonia	"Direct-zol RNA Miniprep kit and and Trizol LS for RNA extraction, RNA was then reverse transcribed, and amplified using an Ovation Trio RNA-Seq library preparation kit (NuGEN)"	Illumina HiSeq 2500
SRR11059946_PE	Shen	PRJNA605907	paired	nCov-RNA-2	WH19002	CoV2	negative	COVID19	COVID_19	BALF	Human	52	female	deceased	B Vitalis	NA	NA	NA	NA	NA	NA	NA	NA	NA	NA	8	NA	NA	NA	NA	NA	ICU	NA	NA	NA	NA	NA	NA	NA	NA	NA	NA	NA	NA	NA	NA	NA	NA	NA	NA	NA	NA	NA	NA	NA	NA	NA	NA	NA	NA	NA	NA	12/30/2019	2/22/2020	"Institute of Pathogen Biology, Chinese Academy of Medical Sciences and Peking Union Medical College"	"Beijing Institute of Genomics, Chinese Academy of Sciences, Zijie Shen"	"Wuhan, China"	BALF from 52 year old female COVID-19 patient with pneumonia	"Direct-zol RNA Miniprep kit and and Trizol LS for RNA extraction, RNA was then reverse transcribed, and amplified using an Ovation Trio RNA-Seq library preparation kit (NuGEN)"	Illumina HiSeq 2500
SRR11059946_SE	Shen	PRJNA605907	single	nCov-RNA-2	WH19002	CoV2	negative	COVID19	COVID_19	BALF	Human	52	female	deceased	B Vitalis	NA	NA	NA	NA	NA	NA	NA	NA	NA	NA	8	NA	NA	NA	NA	NA	ICU	NA	NA	NA	NA	NA	NA	NA	NA	NA	NA	NA	NA	NA	NA	NA	NA	NA	NA	NA	NA	NA	NA	NA	NA	NA	NA	NA	NA	NA	NA	12/30/2019	2/22/2020	"Institute of Pathogen Biology, Chinese Academy of Medical Sciences and Peking Union Medical College"	"Beijing Institute of Genomics, Chinese Academy of Sciences, Zijie Shen"	"Wuhan, China"	BALF from 52 year old female COVID-19 patient with pneumonia	"Direct-zol RNA Miniprep kit and and Trizol LS for RNA extraction, RNA was then reverse transcribed, and amplified using an Ovation Trio RNA-Seq library preparation kit (NuGEN)"	Illumina HiSeq 2500
SRR11059947_PE	Shen	PRJNA605907	paired	nCov-RNA-1	WH19001	CoV2	negative	COVID19	COVID_19	BALF	Human	49	female	deceased	B Vitalis	NA	NA	NA	NA	NA	NA	NA	NA	NA	NA	8	NA	NA	NA	NA	NA	ICU	NA	NA	NA	NA	NA	NA	NA	NA	NA	NA	NA	NA	NA	NA	NA	NA	NA	NA	NA	NA	NA	NA	NA	NA	NA	NA	NA	NA	NA	NA	12/30/2019	2/22/2020	"Institute of Pathogen Biology, Chinese Academy of Medical Sciences and Peking Union Medical College"	"Beijing Institute of Genomics, Chinese Academy of Sciences, Zijie Shen"	"Wuhan, China"	BALF from 49 year old female COVID-19 patient with pneumonia	"Direct-zol RNA Miniprep kit and and Trizol LS for RNA extraction, RNA was then reverse transcribed, and amplified using an Ovation Trio RNA-Seq library preparation kit (NuGEN)"	Illumina HiSeq 2500
SRR11059947_SE	Shen	PRJNA605907	single	nCov-RNA-1	WH19001	CoV2	negative	COVID19	COVID_19	BALF	Human	49	female	deceased	B Vitalis	NA	NA	NA	NA	NA	NA	NA	NA	NA	NA	8	NA	NA	NA	NA	NA	ICU	NA	NA	NA	NA	NA	NA	NA	NA	NA	NA	NA	NA	NA	NA	NA	NA	NA	NA	NA	NA	NA	NA	NA	NA	NA	NA	NA	NA	NA	NA	12/30/2019	2/22/2020	"Institute of Pathogen Biology, Chinese Academy of Medical Sciences and Peking Union Medical College"	"Beijing Institute of Genomics, Chinese Academy of Sciences, Zijie Shen"	"Wuhan, China"	BALF from 49 year old female COVID-19 patient with pneumonia	"Direct-zol RNA Miniprep kit and and Trizol LS for RNA extraction, RNA was then reverse transcribed, and amplified using an Ovation Trio RNA-Seq library preparation kit (NuGEN)"	Illumina HiSeq 2500
CRR125934	Shen	CRP001366	paired	nCoV8	NA	CoV2	Negative	COVID19	COVID_19	BALF	Human	41	male	NA	Beth V	NA	NA	NA	NA	NA	NA	NA	NA	NA	NA	4	NA	NA	NA	NA	NA	NA	NA	NA	NA	NA	NA	NA	NA	NA	NA	NA	NA	NA	NA	NA	NA	NA	NA	NA	NA	NA	NA	NA	NA	NA	NA	NA	NA	NA	NA	NA	NA	3/26/2020	NA	Lili Ren Institute of Pathogen Biology	NA	BALF	"Direct-zol RNA Miniprep kit and and Trizol LS for RNA extraction, RNA was then reverse transcribed, and amplified using an Ovation Trio RNA-Seq library preparation kit (NuGEN)"	NA
CRR125935	Shen	CRP001366	paired	nCoV7	NA	CoV2	Negative	COVID19	COVID_19	BALF	Human	53	female	Recovered	Beth V	NA	NA	NA	NA	NA	NA	NA	NA	NA	NA	7	NA	NA	NA	NA	NA	NA	NA	NA	NA	NA	NA	NA	NA	NA	NA	NA	NA	NA	NA	NA	NA	NA	NA	NA	NA	NA	NA	NA	NA	NA	NA	NA	NA	NA	NA	NA	Recovered	3/26/2020	NA	Lili Ren Institute of Pathogen Biology	NA	BALF	"Direct-zol RNA Miniprep kit and and Trizol LS for RNA extraction, RNA was then reverse transcribed, and amplified using an Ovation Trio RNA-Seq library preparation kit (NuGEN)"	NA
CRR125936	Shen	CRP001366	paired	nCoV6	NA	CoV2	Negative	COVID19	COVID_19	BALF	Human	56	male	Deceased	Beth V	NA	NA	NA	NA	NA	NA	NA	NA	NA	NA	10	NA	NA	NA	NA	NA	ICU	NA	NA	NA	NA	NA	NA	NA	NA	NA	NA	NA	NA	NA	NA	NA	NA	NA	NA	NA	NA	NA	NA	NA	NA	NA	NA	NA	NA	NA	NA	Deceased	3/26/2020	NA	Lili Ren Institute of Pathogen Biology	NA	BALF	"Direct-zol RNA Miniprep kit and and Trizol LS for RNA extraction, RNA was then reverse transcribed, and amplified using an Ovation Trio RNA-Seq library preparation kit (NuGEN)"	NA
CRR125937	Shen	CRP001366	paired	nCoV5	NA	CoV2	Negative	COVID19	COVID_19	BALF	Human	40	male	Deceased	Beth V	NA	NA	NA	NA	NA	NA	NA	NA	NA	NA	8	NA	NA	NA	NA	NA	ICU	NA	NA	NA	NA	NA	NA	NA	NA	NA	NA	NA	NA	NA	NA	NA	NA	NA	NA	NA	NA	NA	NA	NA	NA	NA	NA	NA	NA	NA	NA	Deceased	3/26/2020	NA	Lili Ren Institute of Pathogen Biology	NA	BALF	"Direct-zol RNA Miniprep kit and and Trizol LS for RNA extraction, RNA was then reverse transcribed, and amplified using an Ovation Trio RNA-Seq library preparation kit (NuGEN)"	NA
CRR125938	Shen	CRP001366	paired	nCoV4	NA	CoV2	Negative	COVID19	COVID_19	BALF	Human	61	male	Recovered	Beth V	NA	NA	NA	NA	NA	NA	NA	NA	NA	NA	12	NA	NA	NA	NA	NA	ICU	NA	NA	NA	NA	NA	NA	NA	NA	NA	NA	NA	NA	NA	NA	NA	NA	NA	NA	NA	NA	NA	NA	NA	NA	NA	NA	NA	NA	NA	NA	Recovered	3/26/2020	NA	Lili Ren Institute of Pathogen Biology	NA	BALF	"Direct-zol RNA Miniprep kit and and Trizol LS for RNA extraction, RNA was then reverse transcribed, and amplified using an Ovation Trio RNA-Seq library preparation kit (NuGEN)"	NA
CRR125939	Shen	CRP001366	paired	nCoV3	NA	CoV2	Negative	COVID19	COVID_19	BALF	Human	40	male	Deceased	Beth V	NA	NA	NA	NA	NA	NA	NA	NA	NA	NA	15	NA	NA	NA	NA	NA	ICU	NA	NA	NA	NA	NA	NA	NA	NA	NA	NA	NA	NA	NA	NA	NA	NA	NA	NA	NA	NA	NA	NA	NA	NA	NA	NA	NA	NA	NA	NA	Deceased	3/26/2020	NA	Lili Ren Institute of Pathogen Biology	NA	BALF	"Direct-zol RNA Miniprep kit and and Trizol LS for RNA extraction, RNA was then reverse transcribed, and amplified using an Ovation Trio RNA-Seq library preparation kit (NuGEN)"	NA
CRR125940	Shen	CRP001366	paired	nCoV2	NA	CoV2	Negative	COVID19	COVID_19	BALF	Human	52	female	Deceased	Beth V	NA	NA	NA	NA	NA	NA	NA	NA	NA	NA	8	NA	NA	NA	NA	NA	ICU	NA	NA	NA	NA	NA	NA	NA	NA	NA	NA	NA	NA	NA	NA	NA	NA	NA	NA	NA	NA	NA	NA	NA	NA	NA	NA	NA	NA	NA	NA	Deceased	3/26/2020	NA	Lili Ren Institute of Pathogen Biology	NA	BALF	"Direct-zol RNA Miniprep kit and and Trizol LS for RNA extraction, RNA was then reverse transcribed, and amplified using an Ovation Trio RNA-Seq library preparation kit (NuGEN)"	NA
CRR125941	Shen	CRP001366	paired	nCoV1	NA	CoV2	Negative	COVID19	COVID_19	BALF	Human	49	female	Deceased	Beth V	NA	NA	NA	NA	NA	NA	NA	NA	NA	NA	8	NA	NA	NA	NA	NA	ICU	NA	NA	NA	NA	NA	NA	NA	NA	NA	NA	NA	NA	NA	NA	NA	NA	NA	NA	NA	NA	NA	NA	NA	NA	NA	NA	NA	NA	NA	NA	Deceased	3/26/2020	NA	Lili Ren Institute of Pathogen Biology	NA	BALF	"Direct-zol RNA Miniprep kit and and Trizol LS for RNA extraction, RNA was then reverse transcribed, and amplified using an Ovation Trio RNA-Seq library preparation kit (NuGEN)"	NA
CRR125942	Shen	nCoV8	single	nCoV8	NA	CoV2	Negative	COVID19	COVID_19	BALF	Human	41	male	NA	Beth V	NA	NA	NA	NA	NA	NA	NA	NA	NA	NA	4	NA	NA	NA	NA	NA	NA	NA	NA	NA	NA	NA	NA	NA	NA	NA	NA	NA	NA	NA	NA	NA	NA	NA	NA	NA	NA	NA	NA	NA	NA	NA	NA	NA	NA	NA	NA	NA	3/26/2020	NA	Lili Ren Institute of Pathogen Biology	NA	BALF	"Direct-zol RNA Miniprep kit and and Trizol LS for RNA extraction, RNA was then reverse transcribed, and amplified using an Ovation Trio RNA-Seq library preparation kit (NuGEN)"	NA
CRR125943	Shen	nCoV7	single	nCoV7	NA	CoV2	Negative	COVID19	COVID_19	BALF	Human	53	female	Recovered	Beth V	NA	NA	NA	NA	NA	NA	NA	NA	NA	NA	7	NA	NA	NA	NA	NA	NA	NA	NA	NA	NA	NA	NA	NA	NA	NA	NA	NA	NA	NA	NA	NA	NA	NA	NA	NA	NA	NA	NA	NA	NA	NA	NA	NA	NA	NA	NA	Recovered	3/26/2020	NA	Lili Ren Institute of Pathogen Biology	NA	BALF	"Direct-zol RNA Miniprep kit and and Trizol LS for RNA extraction, RNA was then reverse transcribed, and amplified using an Ovation Trio RNA-Seq library preparation kit (NuGEN)"	NA
CRR125944	Shen	nCoV6	single	nCoV6	NA	CoV2	Negative	COVID19	COVID_19	BALF	Human	56	male	Deceased	Beth V	NA	NA	NA	NA	NA	NA	NA	NA	NA	NA	10	NA	NA	NA	NA	NA	ICU	NA	NA	NA	NA	NA	NA	NA	NA	NA	NA	NA	NA	NA	NA	NA	NA	NA	NA	NA	NA	NA	NA	NA	NA	NA	NA	NA	NA	NA	NA	Deceased	3/26/2020	NA	Lili Ren Institute of Pathogen Biology	NA	BALF	"Direct-zol RNA Miniprep kit and and Trizol LS for RNA extraction, RNA was then reverse transcribed, and amplified using an Ovation Trio RNA-Seq library preparation kit (NuGEN)"	NA
CRR125945	Shen	nCoV5	single	nCoV5	NA	CoV2	Negative	COVID19	COVID_19	BALF	Human	40	male	Deceased	Beth V	NA	NA	NA	NA	NA	NA	NA	NA	NA	NA	8	NA	NA	NA	NA	NA	ICU	NA	NA	NA	NA	NA	NA	NA	NA	NA	NA	NA	NA	NA	NA	NA	NA	NA	NA	NA	NA	NA	NA	NA	NA	NA	NA	NA	NA	NA	NA	Deceased	3/26/2020	NA	Lili Ren Institute of Pathogen Biology	NA	BALF	"Direct-zol RNA Miniprep kit and and Trizol LS for RNA extraction, RNA was then reverse transcribed, and amplified using an Ovation Trio RNA-Seq library preparation kit (NuGEN)"	NA
CRR125946	Shen	nCoV4	single	nCoV4	NA	CoV2	Negative	COVID19	COVID_19	BALF	Human	61	male	Recovered	Beth V	NA	NA	NA	NA	NA	NA	NA	NA	NA	NA	12	NA	NA	NA	NA	NA	ICU	NA	NA	NA	NA	NA	NA	NA	NA	NA	NA	NA	NA	NA	NA	NA	NA	NA	NA	NA	NA	NA	NA	NA	NA	NA	NA	NA	NA	NA	NA	Recovered	3/26/2020	NA	Lili Ren Institute of Pathogen Biology	NA	BALF	"Direct-zol RNA Miniprep kit and and Trizol LS for RNA extraction, RNA was then reverse transcribed, and amplified using an Ovation Trio RNA-Seq library preparation kit (NuGEN)"	NA
CRR125947	Shen	nCoV3	single	nCoV3	NA	CoV2	Negative	COVID19	COVID_19	BALF	Human	40	male	Deceased	Beth V	NA	NA	NA	NA	NA	NA	NA	NA	NA	NA	15	NA	NA	NA	NA	NA	ICU	NA	NA	NA	NA	NA	NA	NA	NA	NA	NA	NA	NA	NA	NA	NA	NA	NA	NA	NA	NA	NA	NA	NA	NA	NA	NA	NA	NA	NA	NA	Deceased	3/26/2020	NA	Lili Ren Institute of Pathogen Biology	NA	BALF	"Direct-zol RNA Miniprep kit and and Trizol LS for RNA extraction, RNA was then reverse transcribed, and amplified using an Ovation Trio RNA-Seq library preparation kit (NuGEN)"	NA
CRR125948	Shen	nCoV2	single	nCoV2	NA	CoV2	Negative	COVID19	COVID_19	BALF	Human	52	female	Deceased	Beth V	NA	NA	NA	NA	NA	NA	NA	NA	NA	NA	8	NA	NA	NA	NA	NA	ICU	NA	NA	NA	NA	NA	NA	NA	NA	NA	NA	NA	NA	NA	NA	NA	NA	NA	NA	NA	NA	NA	NA	NA	NA	NA	NA	NA	NA	NA	NA	Deceased	3/26/2020	NA	Lili Ren Institute of Pathogen Biology	NA	BALF	"Direct-zol RNA Miniprep kit and and Trizol LS for RNA extraction, RNA was then reverse transcribed, and amplified using an Ovation Trio RNA-Seq library preparation kit (NuGEN)"	NA
CRR125949	Shen	nCoV1 se	single	nCoV1 se	NA	CoV2	Negative	COVID19	COVID_19	BALF	Human	49	female	Deceased	Beth V	NA	NA	NA	NA	NA	NA	NA	NA	NA	NA	8	NA	NA	NA	NA	NA	ICU	NA	NA	NA	NA	NA	NA	NA	NA	NA	NA	NA	NA	NA	NA	NA	NA	NA	NA	NA	NA	NA	NA	NA	NA	NA	NA	NA	NA	NA	NA	Deceased	3/26/2020	NA	Lili Ren Institute of Pathogen Biology	NA	BALF	"Direct-zol RNA Miniprep kit and and Trizol LS for RNA extraction, RNA was then reverse transcribed, and amplified using an Ovation Trio RNA-Seq library preparation kit (NuGEN)"	NA
CRR125950	Shen	CRA002476	paired	H01	NA	NA	Negative	Control_Healthy	Healthy	BALF	Human	NA	NA	NA	Beth V	NA	NA	NA	NA	NA	NA	NA	NA	NA	NA	NA	NA	NA	NA	NA	NA	NA	NA	NA	NA	NA	NA	NA	NA	NA	NA	NA	NA	NA	NA	NA	NA	NA	NA	NA	NA	NA	NA	NA	NA	NA	NA	NA	NA	NA	NA	NA	NA	3/26/2020	NA	Lili Ren Institute of Pathogen Biology	NA	BALF	"Direct-zol RNA Miniprep kit and and Trizol LS for RNA extraction, RNA was then reverse transcribed, and amplified using an Ovation Trio RNA-Seq library preparation kit (NuGEN)"	Illumina HiSeq 2500
CRR125951	Shen	CRA002476	paired	H02	NA	NA	Negative	Control_Healthy	Healthy	BALF	Human	NA	NA	NA	Beth V	NA	NA	NA	NA	NA	NA	NA	NA	NA	NA	NA	NA	NA	NA	NA	NA	NA	NA	NA	NA	NA	NA	NA	NA	NA	NA	NA	NA	NA	NA	NA	NA	NA	NA	NA	NA	NA	NA	NA	NA	NA	NA	NA	NA	NA	NA	NA	NA	3/26/2020	NA	Lili Ren Institute of Pathogen Biology	NA	BALF	"Direct-zol RNA Miniprep kit and and Trizol LS for RNA extraction, RNA was then reverse transcribed, and amplified using an Ovation Trio RNA-Seq library preparation kit (NuGEN)"	Illumina HiSeq 2500
CRR125952	Shen	CRA002476	paired	H03	NA	NA	Negative	Control_Healthy	Healthy	BALF	Human	NA	NA	NA	Beth V	NA	NA	NA	NA	NA	NA	NA	NA	NA	NA	NA	NA	NA	NA	NA	NA	NA	NA	NA	NA	NA	NA	NA	NA	NA	NA	NA	NA	NA	NA	NA	NA	NA	NA	NA	NA	NA	NA	NA	NA	NA	NA	NA	NA	NA	NA	NA	NA	3/26/2020	NA	Lili Ren Institute of Pathogen Biology	NA	BALF	"Direct-zol RNA Miniprep kit and and Trizol LS for RNA extraction, RNA was then reverse transcribed, and amplified using an Ovation Trio RNA-Seq library preparation kit (NuGEN)"	Illumina HiSeq 2500
CRR125953	Shen	CRA002476	paired	H04	NA	NA	Negative	Control_Healthy	Healthy	BALF	Human	NA	NA	NA	Beth V	NA	NA	NA	NA	NA	NA	NA	NA	NA	NA	NA	NA	NA	NA	NA	NA	NA	NA	NA	NA	NA	NA	NA	NA	NA	NA	NA	NA	NA	NA	NA	NA	NA	NA	NA	NA	NA	NA	NA	NA	NA	NA	NA	NA	NA	NA	NA	NA	3/26/2020	NA	Lili Ren Institute of Pathogen Biology	NA	BALF	"Direct-zol RNA Miniprep kit and and Trizol LS for RNA extraction, RNA was then reverse transcribed, and amplified using an Ovation Trio RNA-Seq library preparation kit (NuGEN)"	Illumina HiSeq 2500
CRR125954	Shen	CRA002476	paired	H05	NA	NA	Negative	Control_Healthy	Healthy	BALF	Human	NA	NA	NA	Beth V	NA	NA	NA	NA	NA	NA	NA	NA	NA	NA	NA	NA	NA	NA	NA	NA	NA	NA	NA	NA	NA	NA	NA	NA	NA	NA	NA	NA	NA	NA	NA	NA	NA	NA	NA	NA	NA	NA	NA	NA	NA	NA	NA	NA	NA	NA	NA	NA	3/26/2020	NA	Lili Ren Institute of Pathogen Biology	NA	BALF	"Direct-zol RNA Miniprep kit and and Trizol LS for RNA extraction, RNA was then reverse transcribed, and amplified using an Ovation Trio RNA-Seq library preparation kit (NuGEN)"	Illumina HiSeq 2500
CRR125955	Shen	CRA002476	paired	H06	NA	NA	Negative	Control_Healthy	Healthy	BALF	Human	NA	NA	NA	Beth V	NA	NA	NA	NA	NA	NA	NA	NA	NA	NA	NA	NA	NA	NA	NA	NA	NA	NA	NA	NA	NA	NA	NA	NA	NA	NA	NA	NA	NA	NA	NA	NA	NA	NA	NA	NA	NA	NA	NA	NA	NA	NA	NA	NA	NA	NA	NA	NA	3/26/2020	NA	Lili Ren Institute of Pathogen Biology	NA	BALF	"Direct-zol RNA Miniprep kit and and Trizol LS for RNA extraction, RNA was then reverse transcribed, and amplified using an Ovation Trio RNA-Seq library preparation kit (NuGEN)"	Illumina HiSeq 2500
CRR125956	Shen	CRA002476	paired	H07	NA	NA	Negative	Control_Healthy	Healthy	BALF	Human	NA	NA	NA	Beth V	NA	NA	NA	NA	NA	NA	NA	NA	NA	NA	NA	NA	NA	NA	NA	NA	NA	NA	NA	NA	NA	NA	NA	NA	NA	NA	NA	NA	NA	NA	NA	NA	NA	NA	NA	NA	NA	NA	NA	NA	NA	NA	NA	NA	NA	NA	NA	NA	3/26/2020	NA	Lili Ren Institute of Pathogen Biology	NA	BALF	"Direct-zol RNA Miniprep kit and and Trizol LS for RNA extraction, RNA was then reverse transcribed, and amplified using an Ovation Trio RNA-Seq library preparation kit (NuGEN)"	Illumina HiSeq 2500
CRR125957	Shen	CRA002476	paired	H08	NA	NA	Negative	Control_Healthy	Healthy	BALF	Human	NA	NA	NA	Beth V	NA	NA	NA	NA	NA	NA	NA	NA	NA	NA	NA	NA	NA	NA	NA	NA	NA	NA	NA	NA	NA	NA	NA	NA	NA	NA	NA	NA	NA	NA	NA	NA	NA	NA	NA	NA	NA	NA	NA	NA	NA	NA	NA	NA	NA	NA	NA	NA	3/26/2020	NA	Lili Ren Institute of Pathogen Biology	NA	BALF	"Direct-zol RNA Miniprep kit and and Trizol LS for RNA extraction, RNA was then reverse transcribed, and amplified using an Ovation Trio RNA-Seq library preparation kit (NuGEN)"	Illumina HiSeq 2500
CRR125958	Shen	CRA002476	paired	H09	NA	NA	Negative	Control_Healthy	Healthy	BALF	Human	NA	NA	NA	Beth V	NA	NA	NA	NA	NA	NA	NA	NA	NA	NA	NA	NA	NA	NA	NA	NA	NA	NA	NA	NA	NA	NA	NA	NA	NA	NA	NA	NA	NA	NA	NA	NA	NA	NA	NA	NA	NA	NA	NA	NA	NA	NA	NA	NA	NA	NA	NA	NA	3/26/2020	NA	Lili Ren Institute of Pathogen Biology	NA	BALF	"Direct-zol RNA Miniprep kit and and Trizol LS for RNA extraction, RNA was then reverse transcribed, and amplified using an Ovation Trio RNA-Seq library preparation kit (NuGEN)"	Illumina HiSeq 2500
CRR125959	Shen	CRA002476	paired	H10	NA	NA	Negative	Control_Healthy	Healthy	BALF	Human	NA	NA	NA	Beth V	NA	NA	NA	NA	NA	NA	NA	NA	NA	NA	NA	NA	NA	NA	NA	NA	NA	NA	NA	NA	NA	NA	NA	NA	NA	NA	NA	NA	NA	NA	NA	NA	NA	NA	NA	NA	NA	NA	NA	NA	NA	NA	NA	NA	NA	NA	NA	NA	3/26/2020	NA	Lili Ren Institute of Pathogen Biology	NA	BALF	"Direct-zol RNA Miniprep kit and and Trizol LS for RNA extraction, RNA was then reverse transcribed, and amplified using an Ovation Trio RNA-Seq library preparation kit (NuGEN)"	Illumina HiSeq 2500
CRR125960	Shen	CRA002476	paired	H11	NA	NA	Negative	Control_Healthy	Healthy	BALF	Human	NA	NA	NA	Beth V	NA	NA	NA	NA	NA	NA	NA	NA	NA	NA	NA	NA	NA	NA	NA	NA	NA	NA	NA	NA	NA	NA	NA	NA	NA	NA	NA	NA	NA	NA	NA	NA	NA	NA	NA	NA	NA	NA	NA	NA	NA	NA	NA	NA	NA	NA	NA	NA	3/26/2020	NA	Lili Ren Institute of Pathogen Biology	NA	BALF	"Direct-zol RNA Miniprep kit and and Trizol LS for RNA extraction, RNA was then reverse transcribed, and amplified using an Ovation Trio RNA-Seq library preparation kit (NuGEN)"	Illumina HiSeq 2500
CRR125961	Shen	CRA002476	paired	H12	NA	NA	Negative	Control_Healthy	Healthy	BALF	Human	NA	NA	NA	Beth V	NA	NA	NA	NA	NA	NA	NA	NA	NA	NA	NA	NA	NA	NA	NA	NA	NA	NA	NA	NA	NA	NA	NA	NA	NA	NA	NA	NA	NA	NA	NA	NA	NA	NA	NA	NA	NA	NA	NA	NA	NA	NA	NA	NA	NA	NA	NA	NA	3/26/2020	NA	Lili Ren Institute of Pathogen Biology	NA	BALF	"Direct-zol RNA Miniprep kit and and Trizol LS for RNA extraction, RNA was then reverse transcribed, and amplified using an Ovation Trio RNA-Seq library preparation kit (NuGEN)"	Illumina HiSeq 2500
CRR125962	Shen	CRA002476	paired	H13	NA	NA	Negative	Control_Healthy	Healthy	BALF	Human	NA	NA	NA	Beth V	NA	NA	NA	NA	NA	NA	NA	NA	NA	NA	NA	NA	NA	NA	NA	NA	NA	NA	NA	NA	NA	NA	NA	NA	NA	NA	NA	NA	NA	NA	NA	NA	NA	NA	NA	NA	NA	NA	NA	NA	NA	NA	NA	NA	NA	NA	NA	NA	3/26/2020	NA	Lili Ren Institute of Pathogen Biology	NA	BALF	"Direct-zol RNA Miniprep kit and and Trizol LS for RNA extraction, RNA was then reverse transcribed, and amplified using an Ovation Trio RNA-Seq library preparation kit (NuGEN)"	Illumina HiSeq 2500
CRR125963	Shen	CRA002476	paired	H14	NA	NA	Negative	Control_Healthy	Healthy	BALF	Human	NA	NA	NA	Beth V	NA	NA	NA	NA	NA	NA	NA	NA	NA	NA	NA	NA	NA	NA	NA	NA	NA	NA	NA	NA	NA	NA	NA	NA	NA	NA	NA	NA	NA	NA	NA	NA	NA	NA	NA	NA	NA	NA	NA	NA	NA	NA	NA	NA	NA	NA	NA	NA	3/26/2020	NA	Lili Ren Institute of Pathogen Biology	NA	BALF	"Direct-zol RNA Miniprep kit and and Trizol LS for RNA extraction, RNA was then reverse transcribed, and amplified using an Ovation Trio RNA-Seq library preparation kit (NuGEN)"	Illumina HiSeq 2500
CRR125964	Shen	CRA002476	paired	H15	NA	NA	Negative	Control_Healthy	Healthy	BALF	Human	NA	NA	NA	Beth V	NA	NA	NA	NA	NA	NA	NA	NA	NA	NA	NA	NA	NA	NA	NA	NA	NA	NA	NA	NA	NA	NA	NA	NA	NA	NA	NA	NA	NA	NA	NA	NA	NA	NA	NA	NA	NA	NA	NA	NA	NA	NA	NA	NA	NA	NA	NA	NA	3/26/2020	NA	Lili Ren Institute of Pathogen Biology	NA	BALF	"Direct-zol RNA Miniprep kit and and Trizol LS for RNA extraction, RNA was then reverse transcribed, and amplified using an Ovation Trio RNA-Seq library preparation kit (NuGEN)"	Illumina HiSeq 2500
CRR125965	Shen	CRA002476	paired	H16	NA	NA	Negative	Control_Healthy	Healthy	BALF	Human	NA	NA	NA	Beth V	NA	NA	NA	NA	NA	NA	NA	NA	NA	NA	NA	NA	NA	NA	NA	NA	NA	NA	NA	NA	NA	NA	NA	NA	NA	NA	NA	NA	NA	NA	NA	NA	NA	NA	NA	NA	NA	NA	NA	NA	NA	NA	NA	NA	NA	NA	NA	NA	3/26/2020	NA	Lili Ren Institute of Pathogen Biology	NA	BALF	"Direct-zol RNA Miniprep kit and and Trizol LS for RNA extraction, RNA was then reverse transcribed, and amplified using an Ovation Trio RNA-Seq library preparation kit (NuGEN)"	Illumina HiSeq 2500
CRR125966	Shen	CRA002476	paired	H17	NA	NA	Negative	Control_Healthy	Healthy	BALF	Human	NA	NA	NA	Beth V	NA	NA	NA	NA	NA	NA	NA	NA	NA	NA	NA	NA	NA	NA	NA	NA	NA	NA	NA	NA	NA	NA	NA	NA	NA	NA	NA	NA	NA	NA	NA	NA	NA	NA	NA	NA	NA	NA	NA	NA	NA	NA	NA	NA	NA	NA	NA	NA	3/26/2020	NA	Lili Ren Institute of Pathogen Biology	NA	BALF	"Direct-zol RNA Miniprep kit and and Trizol LS for RNA extraction, RNA was then reverse transcribed, and amplified using an Ovation Trio RNA-Seq library preparation kit (NuGEN)"	Illumina HiSeq 2500
CRR125967	Shen	CRA002476	paired	H18	NA	NA	Negative	Control_Healthy	Healthy	BALF	Human	NA	NA	NA	Beth V	NA	NA	NA	NA	NA	NA	NA	NA	NA	NA	NA	NA	NA	NA	NA	NA	NA	NA	NA	NA	NA	NA	NA	NA	NA	NA	NA	NA	NA	NA	NA	NA	NA	NA	NA	NA	NA	NA	NA	NA	NA	NA	NA	NA	NA	NA	NA	NA	3/26/2020	NA	Lili Ren Institute of Pathogen Biology	NA	BALF	"Direct-zol RNA Miniprep kit and and Trizol LS for RNA extraction, RNA was then reverse transcribed, and amplified using an Ovation Trio RNA-Seq library preparation kit (NuGEN)"	Illumina HiSeq 2500
CRR125968	Shen	CRA002476	paired	H19	NA	NA	Negative	Control_Healthy	Healthy	BALF	Human	NA	NA	NA	Beth V	NA	NA	NA	NA	NA	NA	NA	NA	NA	NA	NA	NA	NA	NA	NA	NA	NA	NA	NA	NA	NA	NA	NA	NA	NA	NA	NA	NA	NA	NA	NA	NA	NA	NA	NA	NA	NA	NA	NA	NA	NA	NA	NA	NA	NA	NA	NA	NA	3/26/2020	NA	Lili Ren Institute of Pathogen Biology	NA	BALF	"Direct-zol RNA Miniprep kit and and Trizol LS for RNA extraction, RNA was then reverse transcribed, and amplified using an Ovation Trio RNA-Seq library preparation kit (NuGEN)"	Illumina HiSeq 2500
CRR125969	Shen	CRA002476	paired	H20	NA	NA	Negative	Control_Healthy	Healthy	BALF	Human	NA	NA	NA	Beth V	NA	NA	NA	NA	NA	NA	NA	NA	NA	NA	NA	NA	NA	NA	NA	NA	NA	NA	NA	NA	NA	NA	NA	NA	NA	NA	NA	NA	NA	NA	NA	NA	NA	NA	NA	NA	NA	NA	NA	NA	NA	NA	NA	NA	NA	NA	NA	NA	3/26/2020	NA	Lili Ren Institute of Pathogen Biology	NA	BALF	"Direct-zol RNA Miniprep kit and and Trizol LS for RNA extraction, RNA was then reverse transcribed, and amplified using an Ovation Trio RNA-Seq library preparation kit (NuGEN)"	Illumina HiSeq 2500
SRR10571732	Michalovich	PRJNA434133	paired	SIB028	na	NA	NA	Control_Healthy	Healthy	BALF	Human	26	female	NA	NA	NA	NA	NA	NA	NA	NA	NA	NA	NA	NA	NA	NA	NA	NA	NA	NA	NA	NA	NA	NA	NA	NA	NA	NA	NA	NA	NA	NA	NA	NA	NA	NA	NA	NA	NA	NA	NA	NA	NA	NA	NA	NA	NA	NA	NA	NA	NA	na	12/12/2019	na	"GlaxoSmithKline, David Mayhew"	"Liam O'Mahony, Swiss Institute of Allergy and Asthma Research (SIAF), Obere Strasse 22, CH-7270 Davos Platz"	"BALF from 26 year old female, not obese, no asthma, non-smoker"	RNeasy Mini kit (Qiagen) and RiboZeroTMGold	Illumina HiSeq 2000
SRR10571730	Michalovich	PRJNA434133	paired	SIB030	na	NA	NA	Control_Healthy	Healthy	BALF	Human	47	male	NA	NA	NA	NA	NA	NA	NA	NA	NA	NA	NA	NA	NA	NA	NA	NA	NA	NA	NA	NA	NA	NA	NA	NA	NA	NA	NA	NA	NA	NA	NA	NA	NA	NA	NA	NA	NA	NA	NA	NA	NA	NA	NA	NA	NA	NA	NA	NA	NA	na	12/12/2019	na	"GlaxoSmithKline, David Mayhew"	"Liam O'Mahony, Swiss Institute of Allergy and Asthma Research (SIAF), Obere Strasse 22, CH-7270 Davos Platz"	"BALF from 47 year old male, not obese, no asthma, non-smoker"	RNeasy Mini kit (Qiagen) and RiboZeroTMGold	Illumina HiSeq 2000
SRR10571724	Michalovich	PRJNA434133	paired	SIB036	na	NA	NA	Control_Healthy	Healthy	BALF	Human	45	female	NA	NA	NA	NA	NA	NA	NA	NA	NA	NA	NA	NA	NA	NA	NA	NA	NA	NA	NA	NA	NA	NA	NA	NA	NA	NA	NA	NA	NA	NA	NA	NA	NA	NA	NA	NA	NA	NA	NA	NA	NA	NA	NA	NA	NA	NA	NA	NA	NA	na	12/12/2019	na	"GlaxoSmithKline, David Mayhew"	"Liam O'Mahony, Swiss Institute of Allergy and Asthma Research (SIAF), Obere Strasse 22, CH-7270 Davos Platz"	"BALF from 45 year old female, not obese, no asthma, non-smoker"	RNeasy Mini kit (Qiagen) and RiboZeroTMGold	Illumina HiSeq 2000
SRR5677652	Ren	PRJNA390194	paired	ANB40	na	Control	NA	Control_Healthy	Healthy	BALF	Human	67	male	NA	Jochum	none	NA	none	none	none	none	none	NA	NA	NA	NA	NA	NA	NA	NA	NA	NA	NA	NA	NA	NA	NA	180000	94%	NA	0%	6%	NA	NA	NA	NA	NA	NA	NA	NA	NA	NA	NA	bdl	bdl	bdl	NA	NA	Control	Control	RML	"this manuscript additionally contains 16S data, 38 COPD samples. The lab results are espressed as a percentage"	na	1/1/2018	na	"Institute of Pathogen Biology, Chinese Academy of Medical Sciences & Peking Union Medical College, Depan Cao"	na	BALF from 67 year old male with no recorded disease	"Turbo DNase to decrease host genome background, RNA was extracted using a QIAamp UCP pathogen minikit, amplified using an Ovation RNA-Seq system (NuGEN), and Ovation Ultralow System V2 (NuGEN) for higher exon mapping"	Illumina HiSeq 2500
SRR5677654	Ren	PRJNA390194	paired	ANB23	na	Control	NA	Control_Healthy	Healthy	BALF	Human	58	female	NA	Jochum	none	NA	none	none	none	none	none	NA	NA	NA	NA	NA	NA	NA	NA	NA	NA	NA	NA	NA	NA	NA	220000	83%	NA	1%	16%	NA	NA	NA	NA	NA	NA	NA	NA	NA	NA	NA	bdl	bdl	bdl	FALSE	0	Control	Control	Lingular	"this manuscript additionally contains 16S data, 38 COPD samples. The lab results are espressed as a percentage"	na	1/1/2018	na	"Institute of Pathogen Biology, Chinese Academy of Medical Sciences & Peking Union Medical College, Depan Cao"	na	BALF from 58 year old female with no recorded disease	"Turbo DNase to decrease host genome background, RNA was extracted using a QIAamp UCP pathogen minikit, amplified using an Ovation RNA-Seq system (NuGEN), and Ovation Ultralow System V2 (NuGEN) for higher exon mapping"	Illumina HiSeq 2500
SRR5677655	Ren	PRJNA390194	paired	ANB24	na	Control	NA	Control_Healthy	Healthy	BALF	Human	34	male	NA	Jochum	none	NA	none	none	none	none	none	NA	NA	NA	NA	NA	NA	NA	NA	NA	NA	NA	NA	NA	NA	NA	60000	90%	NA	1%	9%	NA	NA	NA	NA	NA	NA	NA	NA	NA	NA	NA	bdl	bdl	bdl	NA	NA	Control	Control	RML	"this manuscript additionally contains 16S data, 38 COPD samples. The lab results are espressed as a percentage"	na	1/1/2018	na	"Institute of Pathogen Biology, Chinese Academy of Medical Sciences & Peking Union Medical College, Depan Cao"	na	BALF from 34 year old male with no recorded disease	"Turbo DNase to decrease host genome background, RNA was extracted using a QIAamp UCP pathogen minikit, amplified using an Ovation RNA-Seq system (NuGEN), and Ovation Ultralow System V2 (NuGEN) for higher exon mapping"	Illumina HiSeq 2500
SRR5677656	Ren	PRJNA390194	paired	ANB21	na	Control	NA	Control_Healthy	Healthy	BALF	Human	58	female	NA	Jochum	none	NA	none	none	none	none	none	NA	NA	NA	NA	NA	NA	NA	NA	NA	NA	NA	NA	NA	NA	NA	90000	89.50%	NA	0%	9.50%	NA	NA	NA	NA	NA	NA	NA	NA	NA	NA	NA	bdl	bdl	bdl	FALSE	0	Control	Control	RML	"this manuscript additionally contains 16S data, 38 COPD samples. The lab results are espressed as a percentage"	na	1/1/2018	na	"Institute of Pathogen Biology, Chinese Academy of Medical Sciences & Peking Union Medical College, Depan Cao"	na	BALF from 58 year old female with no recorded disease	"Turbo DNase to decrease host genome background, RNA was extracted using a QIAamp UCP pathogen minikit, amplified using an Ovation RNA-Seq system (NuGEN), and Ovation Ultralow System V2 (NuGEN) for higher exon mapping"	Illumina HiSeq 2500
SRR5677657	Ren	PRJNA390194	paired	ANB22	na	Control	NA	Control_Healthy	Healthy	BALF	Human	62	male	NA	Jochum	none	NA	none	none	none	none	none	NA	NA	NA	NA	NA	NA	NA	NA	NA	NA	NA	NA	NA	NA	NA	150000	59%	NA	0%	41%	NA	NA	NA	NA	NA	NA	NA	NA	NA	NA	NA	bdl	bdl	bdl	NA	NA	Control	Control	RML	"this manuscript additionally contains 16S data, 38 COPD samples. The lab results are espressed as a percentage"	na	1/1/2018	na	"Institute of Pathogen Biology, Chinese Academy of Medical Sciences & Peking Union Medical College, Depan Cao"	na	BALF from 62 year old male with no recorded disease	"Turbo DNase to decrease host genome background, RNA was extracted using a QIAamp UCP pathogen minikit, amplified using an Ovation RNA-Seq system (NuGEN), and Ovation Ultralow System V2 (NuGEN) for higher exon mapping"	Illumina HiSeq 2500
SRR5677658	Ren	PRJNA390194	paired	ANB32	na	Control	NA	Control_Healthy	Healthy	BALF	Human	60	male	NA	Jochum	none	NA	none	none	none	none	none	NA	NA	NA	NA	NA	NA	NA	NA	NA	NA	NA	NA	NA	NA	NA	150000	66%	NA	0%	34%	NA	NA	NA	NA	NA	NA	NA	NA	NA	NA	NA	bdl	bdl	bdl	TRUE	90	Control	Control	RML	"this manuscript additionally contains 16S data, 38 COPD samples. The lab results are espressed as a percentage"	na	1/1/2018	na	"Institute of Pathogen Biology, Chinese Academy of Medical Sciences & Peking Union Medical College, Depan Cao"	na	BALF from 60 year old male with no recorded disease	"Turbo DNase to decrease host genome background, RNA was extracted using a QIAamp UCP pathogen minikit, amplified using an Ovation RNA-Seq system (NuGEN), and Ovation Ultralow System V2 (NuGEN) for higher exon mapping"	Illumina HiSeq 2500
SRR5677659	Ren	PRJNA390194	paired	ANB33	na	Control	NA	Control_Healthy	Healthy	BALF	Human	60	female	NA	Jochum	none	NA	none	none	none	none	none	NA	NA	NA	NA	NA	NA	NA	NA	NA	NA	NA	NA	NA	NA	NA	60000	84%	NA	9%	6%	NA	NA	NA	NA	NA	NA	NA	NA	NA	NA	NA	bdl	bdl	bdl	FALSE	0	Control	Control	RML	"this manuscript additionally contains 16S data, 38 COPD samples. The lab results are espressed as a percentage"	na	1/1/2018	na	"Institute of Pathogen Biology, Chinese Academy of Medical Sciences & Peking Union Medical College, Depan Cao"	na	BALF from 60 year old female with no recorded disease	"Turbo DNase to decrease host genome background, RNA was extracted using a QIAamp UCP pathogen minikit, amplified using an Ovation RNA-Seq system (NuGEN), and Ovation Ultralow System V2 (NuGEN) for higher exon mapping"	Illumina HiSeq 2500
SRR5677660	Ren	PRJNA390194	paired	ANB26	na	Control	NA	Control_Healthy	Healthy	BALF	Human	28	male	NA	Jochum	none	NA	none	none	none	none	none	NA	NA	NA	NA	NA	NA	NA	NA	NA	NA	NA	NA	NA	NA	NA	150000	96.50%	NA	0%	3.50%	NA	NA	NA	NA	NA	NA	NA	NA	NA	NA	NA	bdl	bdl	bdl	NA	NA	Control	Control	RML	"this manuscript additionally contains 16S data, 38 COPD samples. The lab results are espressed as a percentage"	na	1/1/2018	na	"Institute of Pathogen Biology, Chinese Academy of Medical Sciences & Peking Union Medical College, Depan Cao"	na	BALF from 28 year old male with no recorded disease	"Turbo DNase to decrease host genome background, RNA was extracted using a QIAamp UCP pathogen minikit, amplified using an Ovation RNA-Seq system (NuGEN), and Ovation Ultralow System V2 (NuGEN) for higher exon mapping"	Illumina HiSeq 2500
SRR5677661	Ren	PRJNA390194	paired	ANB30	na	Control	NA	Control_Healthy	Healthy	BALF	Human	52	female	NA	Jochum	none	NA	none	none	none	none	none	NA	NA	NA	NA	NA	NA	NA	NA	NA	NA	NA	NA	NA	NA	NA	140000	94%	NA	0%	6%	NA	NA	NA	NA	NA	NA	NA	NA	NA	NA	NA	bdl	bdl	bdl	NA	NA	Control	Control	RML	"this manuscript additionally contains 16S data, 38 COPD samples. The lab results are espressed as a percentage"	na	1/1/2018	na	"Institute of Pathogen Biology, Chinese Academy of Medical Sciences & Peking Union Medical College, Depan Cao"	na	BALF from 52 year old female with no recorded disease	"Turbo DNase to decrease host genome background, RNA was extracted using a QIAamp UCP pathogen minikit, amplified using an Ovation RNA-Seq system (NuGEN), and Ovation Ultralow System V2 (NuGEN) for higher exon mapping"	Illumina HiSeq 2500
CRR125995	Shen	CRA002476	paired	nc_1	NA	NA	NA	Control_Neg	neg_control	NEG	Human	NA	NA	NA	NA	NA	NA	NA	NA	NA	NA	NA	NA	NA	NA	NA	NA	NA	NA	NA	NA	NA	NA	NA	NA	NA	NA	NA	NA	NA	NA	NA	NA	NA	NA	NA	NA	NA	NA	NA	NA	NA	NA	NA	NA	NA	NA	NA	NA	NA	NA	NA	NA	NA	NA	NA	NA	NA	NA	NA
CRR125996	Shen	CRA002476	paired	nc_2	NA	NA	NA	Control_Neg	neg_control	NEG	Human	NA	NA	NA	NA	NA	NA	NA	NA	NA	NA	NA	NA	NA	NA	NA	NA	NA	NA	NA	NA	NA	NA	NA	NA	NA	NA	NA	NA	NA	NA	NA	NA	NA	NA	NA	NA	NA	NA	NA	NA	NA	NA	NA	NA	NA	NA	NA	NA	NA	NA	NA	NA	NA	NA	NA	NA	NA	NA	NA
CRR125997	Shen	CRA002476	paired	nc_3	NA	NA	NA	Control_Neg	neg_control	NEG	Human	NA	NA	NA	NA	NA	NA	NA	NA	NA	NA	NA	NA	NA	NA	NA	NA	NA	NA	NA	NA	NA	NA	NA	NA	NA	NA	NA	NA	NA	NA	NA	NA	NA	NA	NA	NA	NA	NA	NA	NA	NA	NA	NA	NA	NA	NA	NA	NA	NA	NA	NA	NA	NA	NA	NA	NA	NA	NA	NA
CRR125998	Shen	CRA002476	paired	nc_3_se	NA	NA	NA	Control_Neg	neg_control	NEG	Human	NA	NA	NA	NA	NA	NA	NA	NA	NA	NA	NA	NA	NA	NA	NA	NA	NA	NA	NA	NA	NA	NA	NA	NA	NA	NA	NA	NA	NA	NA	NA	NA	NA	NA	NA	NA	NA	NA	NA	NA	NA	NA	NA	NA	NA	NA	NA	NA	NA	NA	NA	NA	NA	NA	NA	NA	NA	NA	NA
NC1_SRR7796663	Huang	PRJNA484025	single	NC1	na	NA	NA	Control_Neg	neg_control	NEG	Human	na	na	NA	Zaksas	NA	NA	NA	NA	NA	NA	NA	NA	NA	NA	NA	NA	NA	NA	NA	NA	NA	NA	NA	NA	NA	NA	NA	NA	NA	NA	NA	NA	NA	NA	NA	NA	NA	NA	NA	NA	NA	NA	NA	NA	NA	NA	NA	NA	NA	NA	NA	na	9/6/2018	na	"New York Medical College, Weihua Huang"	na	"Negative control, no BALF"	"Used the RiboCop rRNA Depletion kit and RiboZero rRNA Depletion kit, as well as mechanical homogenization"	Illumina NextSeq 550
SRR10571662	Michalovich	PRJNA434133	NA	SIB005	NA	NA	NA	Control_Sick	Obese	BALF	Human	33	female	NA	NA	NA	NA	NA	NA	NA	NA	NA	NA	NA	NA	NA	NA	NA	NA	NA	NA	NA	NA	NA	NA	NA	NA	NA	NA	NA	NA	NA	NA	NA	NA	NA	NA	NA	NA	NA	NA	NA	NA	NA	NA	NA	NA	NA	NA	NA	NA	NA	NA	NA	NA	NA	NA	NA	NA	NA
SRR10571657	Michalovich	PRJNA434133	NA	SIB010	NA	NA	NA	Control_Sick	Obese	BALF	Human	58	female	NA	NA	NA	NA	NA	NA	NA	NA	NA	NA	NA	NA	NA	NA	NA	NA	NA	NA	NA	NA	NA	NA	NA	NA	NA	NA	NA	NA	NA	NA	NA	NA	NA	NA	NA	NA	NA	NA	NA	NA	NA	NA	NA	NA	NA	NA	NA	NA	NA	NA	NA	NA	NA	NA	NA	NA	NA
SRR10571744	Michalovich	PRJNA434133	NA	SIB014	NA	NA	NA	Control_Sick	Obese	BALF	Human	60	female	NA	NA	NA	NA	NA	NA	NA	NA	NA	NA	NA	NA	NA	NA	NA	NA	NA	NA	NA	NA	NA	NA	NA	NA	NA	NA	NA	NA	NA	NA	NA	NA	NA	NA	NA	NA	NA	NA	NA	NA	NA	NA	NA	NA	NA	NA	NA	NA	NA	NA	NA	NA	NA	NA	NA	NA	NA
SRR10571736	Michalovich	PRJNA434133	NA	SIB023	NA	NA	NA	Control_Sick	Obese	BALF	Human	57	male	NA	NA	NA	NA	NA	NA	NA	NA	NA	NA	NA	NA	NA	NA	NA	NA	NA	NA	NA	NA	NA	NA	NA	NA	NA	NA	NA	NA	NA	NA	NA	NA	NA	NA	NA	NA	NA	NA	NA	NA	NA	NA	NA	NA	NA	NA	NA	NA	NA	NA	NA	NA	NA	NA	NA	NA	NA
SRR10571735	Michalovich	PRJNA434133	NA	SIB024	NA	NA	NA	Control_Sick	Obese	BALF	Human	21	female	NA	NA	NA	NA	NA	NA	NA	NA	NA	NA	NA	NA	NA	NA	NA	NA	NA	NA	NA	NA	NA	NA	NA	NA	NA	NA	NA	NA	NA	NA	NA	NA	NA	NA	NA	NA	NA	NA	NA	NA	NA	NA	NA	NA	NA	NA	NA	NA	NA	NA	NA	NA	NA	NA	NA	NA	NA
SRR10571734	Michalovich	PRJNA434133	NA	SIB025	NA	NA	NA	Control_Sick	Obese	BALF	Human	37	female	NA	NA	NA	NA	NA	NA	NA	NA	NA	NA	NA	NA	NA	NA	NA	NA	NA	NA	NA	NA	NA	NA	NA	NA	NA	NA	NA	NA	NA	NA	NA	NA	NA	NA	NA	NA	NA	NA	NA	NA	NA	NA	NA	NA	NA	NA	NA	NA	NA	NA	NA	NA	NA	NA	NA	NA	NA
SRR10571663	Michalovich	PRJNA434133	NA	SIB004	NA	NA	NA	Control_Sick	Obese_Asthma	BALF	Human	54	male	NA	NA	NA	NA	NA	NA	NA	NA	NA	NA	NA	NA	NA	NA	NA	NA	NA	NA	NA	NA	NA	NA	NA	NA	NA	NA	NA	NA	NA	NA	NA	NA	NA	NA	NA	NA	NA	NA	NA	NA	NA	NA	NA	NA	NA	NA	NA	NA	NA	NA	NA	NA	NA	NA	NA	NA	NA
SRR10571660	Michalovich	PRJNA434133	NA	SIB006	NA	NA	NA	Control_Sick	Obese_Asthma	BALF	Human	53	female	NA	NA	NA	NA	NA	NA	NA	NA	NA	NA	NA	NA	NA	NA	NA	NA	NA	NA	NA	NA	NA	NA	NA	NA	NA	NA	NA	NA	NA	NA	NA	NA	NA	NA	NA	NA	NA	NA	NA	NA	NA	NA	NA	NA	NA	NA	NA	NA	NA	NA	NA	NA	NA	NA	NA	NA	NA
SRR10571655	Michalovich	PRJNA434133	NA	SIB012	NA	NA	NA	Control_Sick	Obese_Asthma	BALF	Human	26	female	NA	NA	NA	NA	NA	NA	NA	NA	NA	NA	NA	NA	NA	NA	NA	NA	NA	NA	NA	NA	NA	NA	NA	NA	NA	NA	NA	NA	NA	NA	NA	NA	NA	NA	NA	NA	NA	NA	NA	NA	NA	NA	NA	NA	NA	NA	NA	NA	NA	NA	NA	NA	NA	NA	NA	NA	NA
SRR10571743	Michalovich	PRJNA434133	NA	SIB015	NA	NA	NA	Control_Sick	Obese_Asthma	BALF	Human	55	female	NA	NA	NA	NA	NA	NA	NA	NA	NA	NA	NA	NA	NA	NA	NA	NA	NA	NA	NA	NA	NA	NA	NA	NA	NA	NA	NA	NA	NA	NA	NA	NA	NA	NA	NA	NA	NA	NA	NA	NA	NA	NA	NA	NA	NA	NA	NA	NA	NA	NA	NA	NA	NA	NA	NA	NA	NA
SRR10571725	Michalovich	PRJNA434133	NA	SIB035	NA	NA	NA	Control_Sick	Obese_Asthma	BALF	Human	27	male	NA	NA	NA	NA	NA	NA	NA	NA	NA	NA	NA	NA	NA	NA	NA	NA	NA	NA	NA	NA	NA	NA	NA	NA	NA	NA	NA	NA	NA	NA	NA	NA	NA	NA	NA	NA	NA	NA	NA	NA	NA	NA	NA	NA	NA	NA	NA	NA	NA	NA	NA	NA	NA	NA	NA	NA	NA
SRR10571723	Michalovich	PRJNA434133	NA	SIB037	NA	NA	NA	Control_Sick	Obese_Asthma	BALF	Human	52	female	NA	NA	NA	NA	NA	NA	NA	NA	NA	NA	NA	NA	NA	NA	NA	NA	NA	NA	NA	NA	NA	NA	NA	NA	NA	NA	NA	NA	NA	NA	NA	NA	NA	NA	NA	NA	NA	NA	NA	NA	NA	NA	NA	NA	NA	NA	NA	NA	NA	NA	NA	NA	NA	NA	NA	NA	NA
SRR10571757	Michalovich	PRJNA434133	NA	SIB044	NA	NA	NA	Control_Sick	Obese_Asthma	BALF	Human	29	female	NA	NA	NA	NA	NA	NA	NA	NA	NA	NA	NA	NA	NA	NA	NA	NA	NA	NA	NA	NA	NA	NA	NA	NA	NA	NA	NA	NA	NA	NA	NA	NA	NA	NA	NA	NA	NA	NA	NA	NA	NA	NA	NA	NA	NA	NA	NA	NA	NA	NA	NA	NA	NA	NA	NA	NA	NA
SRR10571755	Michalovich	PRJNA434133	NA	SIB046	NA	NA	NA	Control_Sick	Obese_Asthma	BALF	Human	41	male	NA	NA	NA	NA	NA	NA	NA	NA	NA	NA	NA	NA	NA	NA	NA	NA	NA	NA	NA	NA	NA	NA	NA	NA	NA	NA	NA	NA	NA	NA	NA	NA	NA	NA	NA	NA	NA	NA	NA	NA	NA	NA	NA	NA	NA	NA	NA	NA	NA	NA	NA	NA	NA	NA	NA	NA	NA
SRR10571752	Michalovich	PRJNA434133	NA	SIB049	NA	NA	NA	Control_Sick	Obese_Asthma	BALF	Human	41	female	NA	NA	NA	NA	NA	NA	NA	NA	NA	NA	NA	NA	NA	NA	NA	NA	NA	NA	NA	NA	NA	NA	NA	NA	NA	NA	NA	NA	NA	NA	NA	NA	NA	NA	NA	NA	NA	NA	NA	NA	NA	NA	NA	NA	NA	NA	NA	NA	NA	NA	NA	NA	NA	NA	NA	NA	NA
SRR10571756	Michalovich	PRJNA434133	NA	SIB045	NA	NA	NA	Control_Sick	Obese_Asthma_Smoker	BALF	Human	57	female	NA	NA	NA	NA	NA	NA	NA	NA	NA	NA	NA	NA	NA	NA	NA	NA	NA	NA	NA	NA	NA	NA	NA	NA	NA	NA	NA	NA	NA	NA	NA	NA	NA	NA	NA	NA	NA	NA	NA	NA	NA	NA	NA	TRUE	NA	NA	NA	NA	NA	NA	NA	NA	NA	NA	NA	NA	NA
SRR10571664	Michalovich	PRJNA434133	NA	SIB003	NA	NA	NA	Control_Sick	Obese_Smoker	BALF	Human	43	male	NA	NA	NA	NA	NA	NA	NA	NA	NA	NA	NA	NA	NA	NA	NA	NA	NA	NA	NA	NA	NA	NA	NA	NA	NA	NA	NA	NA	NA	NA	NA	NA	NA	NA	NA	NA	NA	NA	NA	NA	NA	NA	NA	TRUE	NA	NA	NA	NA	NA	NA	NA	NA	NA	NA	NA	NA	NA
SRR10571659	Michalovich	PRJNA434133	NA	SIB007	NA	NA	NA	Control_Sick	Obese_Smoker	BALF	Human	54	female	NA	NA	NA	NA	NA	NA	NA	NA	NA	NA	NA	NA	NA	NA	NA	NA	NA	NA	NA	NA	NA	NA	NA	NA	NA	NA	NA	NA	NA	NA	NA	NA	NA	NA	NA	NA	NA	NA	NA	NA	NA	NA	NA	TRUE	NA	NA	NA	NA	NA	NA	NA	NA	NA	NA	NA	NA	NA
SRR10571658	Michalovich	PRJNA434133	NA	SIB008	NA	NA	NA	Control_Sick	Obese_Smoker	BALF	Human	45	female	NA	NA	NA	NA	NA	NA	NA	NA	NA	NA	NA	NA	NA	NA	NA	NA	NA	NA	NA	NA	NA	NA	NA	NA	NA	NA	NA	NA	NA	NA	NA	NA	NA	NA	NA	NA	NA	NA	NA	NA	NA	NA	NA	TRUE	NA	NA	NA	NA	NA	NA	NA	NA	NA	NA	NA	NA	NA
SRR10571656	Michalovich	PRJNA434133	NA	SIB011	NA	NA	NA	Control_Sick	Obese_Smoker	BALF	Human	32	female	NA	NA	NA	NA	NA	NA	NA	NA	NA	NA	NA	NA	NA	NA	NA	NA	NA	NA	NA	NA	NA	NA	NA	NA	NA	NA	NA	NA	NA	NA	NA	NA	NA	NA	NA	NA	NA	NA	NA	NA	NA	NA	NA	TRUE	NA	NA	NA	NA	NA	NA	NA	NA	NA	NA	NA	NA	NA
SRR10571741	Michalovich	PRJNA434133	NA	SIB018	NA	NA	NA	Control_Sick	Obese_Smoker	BALF	Human	41	male	NA	NA	NA	NA	NA	NA	NA	NA	NA	NA	NA	NA	NA	NA	NA	NA	NA	NA	NA	NA	NA	NA	NA	NA	NA	NA	NA	NA	NA	NA	NA	NA	NA	NA	NA	NA	NA	NA	NA	NA	NA	NA	NA	TRUE	NA	NA	NA	NA	NA	NA	NA	NA	NA	NA	NA	NA	NA
SRR10571739	Michalovich	PRJNA434133	NA	SIB019	NA	NA	NA	Control_Sick	Smoker	BALF	Human	41	male	NA	NA	NA	NA	NA	NA	NA	NA	NA	NA	NA	NA	NA	NA	NA	NA	NA	NA	NA	NA	NA	NA	NA	NA	NA	NA	NA	NA	NA	NA	NA	NA	NA	NA	NA	NA	NA	NA	NA	NA	NA	NA	NA	NA	NA	NA	NA	NA	NA	NA	NA	NA	NA	NA	NA	NA	NA
SRR10571728	Michalovich	PRJNA434133	NA	SIB031	NA	NA	NA	Control_Sick	Smoker	BALF	Human	43	male	NA	NA	NA	NA	NA	NA	NA	NA	NA	NA	NA	NA	NA	NA	NA	NA	NA	NA	NA	NA	NA	NA	NA	NA	NA	NA	NA	NA	NA	NA	NA	NA	NA	NA	NA	NA	NA	NA	NA	NA	NA	NA	NA	TRUE	NA	NA	NA	NA	NA	NA	NA	NA	NA	NA	NA	NA	NA
SRR10571754	Michalovich	PRJNA434133	NA	SIB047	NA	NA	NA	Control_Sick	Smoker	BALF	Human	52	female	NA	NA	NA	NA	NA	NA	NA	NA	NA	NA	NA	NA	NA	NA	NA	NA	NA	NA	NA	NA	NA	NA	NA	NA	NA	NA	NA	NA	NA	NA	NA	NA	NA	NA	NA	NA	NA	NA	NA	NA	NA	NA	NA	TRUE	NA	NA	NA	NA	NA	NA	NA	NA	NA	NA	NA	NA	NA
S01	Huang	PRJNA484025	single	S1	na	"Enterococcus faecium, Enterococcus faecalis, Escherichia coli, Staphylococcus haemolyticus (neglectable), Streptococcus species (neglectable)"	"Enterococcus, Escherichia coli, Staphylococcus coagulase negative, Streptococcus species Viridans group"	Control_Unknown	Unknown	BALF	Human	na	na	NA	Zaksas	NA	NA	NA	NA	NA	NA	NA	NA	NA	NA	NA	NA	NA	NA	NA	NA	NA	NA	NA	NA	NA	NA	NA	NA	NA	NA	NA	NA	NA	NA	NA	NA	NA	NA	NA	NA	NA	NA	NA	NA	NA	NA	NA	NA	NA	NA	NA	6/3/2016	9/5/2018	na	"New York Medical College, Weihua Huang"	New York	BALF with no recorded disease	"Used the RiboCop rRNA Depletion kit and RiboZero rRNA Depletion kit, as well as mechanical homogenization"	Illumina NextSeq 550
S02	Huang	PRJNA484025	single	S2	na	NA	Negative in respiratory bacterial culture	Control_Unknown	Unknown	BALF	Human	na	na	NA	Zaksas	NA	NA	NA	NA	NA	NA	NA	NA	NA	NA	NA	NA	NA	NA	NA	NA	NA	NA	NA	NA	NA	NA	NA	NA	NA	NA	NA	NA	NA	NA	NA	NA	NA	NA	NA	NA	NA	NA	NA	NA	NA	NA	NA	NA	NA	NA	NA	6/3/2016	9/5/2018	na	"New York Medical College, Weihua Huang"	New York	BALF with no recorded disease	"Used the RiboCop rRNA Depletion kit and RiboZero rRNA Depletion kit, as well as mechanical homogenization"	Illumina NextSeq 550
S03	Huang	PRJNA484025	single	S3	na	NA	Negative in respiratory bacterial culture	Control_Unknown	Unknown	BALF	Human	na	na	NA	Zaksas	NA	NA	NA	NA	NA	NA	NA	NA	NA	NA	NA	NA	NA	NA	NA	NA	NA	NA	NA	NA	NA	NA	NA	NA	NA	NA	NA	NA	NA	NA	NA	NA	NA	NA	NA	NA	NA	NA	NA	NA	NA	NA	NA	NA	NA	NA	NA	6/4/2016	9/5/2018	na	"New York Medical College, Weihua Huang"	New York	BALF with no recorded disease	"Used the RiboCop rRNA Depletion kit and RiboZero rRNA Depletion kit, as well as mechanical homogenization"	Illumina NextSeq 550
S04	Huang	PRJNA484025	single	S4	na	"Corynebacterium simulans, Pseudomonas aeruginosa, Streptococcus mitis, Rothia mucilaginosa, Neisseria species, Klebsiella pneumoniae (neglectable)"	"Corynebacterium species, Pseudomonas aeruginosa, Streptococcus species Viridans group, Klebsiella pneumoniae"	Control_Unknown	Unknown	BALF	Human	na	na	NA	Zaksas	NA	NA	NA	NA	NA	NA	NA	NA	NA	NA	NA	NA	NA	NA	NA	NA	NA	NA	NA	NA	NA	NA	NA	NA	NA	NA	NA	NA	NA	NA	NA	NA	NA	NA	NA	NA	NA	NA	NA	NA	NA	NA	NA	NA	NA	NA	NA	6/6/2016	9/5/2018	na	"New York Medical College, Weihua Huang"	New York	BALF with no recorded disease	"Used the RiboCop rRNA Depletion kit and RiboZero rRNA Depletion kit, as well as mechanical homogenization"	Illumina NextSeq 550
S05	Huang	PRJNA484025	single	S5	na	"Proteus mirabilis, Staphylococcus aureus, Haemophilus influenzae"	"Proteus mirabilis, Staphylococcus aureus"	Control_Unknown	Unknown	BALF	Human	na	na	NA	Zaksas	NA	NA	NA	NA	NA	NA	NA	NA	NA	NA	NA	NA	NA	NA	NA	NA	NA	NA	NA	NA	NA	NA	NA	NA	NA	NA	NA	NA	NA	NA	NA	NA	NA	NA	NA	NA	NA	NA	NA	NA	NA	NA	NA	NA	NA	NA	NA	7/3/2016	9/5/2018	na	"New York Medical College, Weihua Huang"	New York	BALF with no recorded disease	"Used the RiboCop rRNA Depletion kit and RiboZero rRNA Depletion kit, as well as mechanical homogenization"	Illumina NextSeq 550
S06	Huang	PRJNA484025	single	S6	na	"Proteus mirabilis, Staphylococcus aureus, Haemophilus influenzae"	"Proteus mirabilis, Staphylococcus aureus"	Control_Unknown	Unknown	BALF	Human	na	na	NA	Zaksas	NA	NA	NA	NA	NA	NA	NA	NA	NA	NA	NA	NA	NA	NA	NA	NA	NA	NA	NA	NA	NA	NA	NA	NA	NA	NA	NA	NA	NA	NA	NA	NA	NA	NA	NA	NA	NA	NA	NA	NA	NA	NA	NA	NA	NA	NA	NA	6/28/2016	9/5/2018	na	"New York Medical College, Weihua Huang"	New York	BALF with no recorded disease	"Used the RiboCop rRNA Depletion kit and RiboZero rRNA Depletion kit, as well as mechanical homogenization"	Illumina NextSeq 550
S07	Huang	PRJNA484025	single	S7	na	"Streptococcus pneumoniae, Haemophilus influenzae, Enterobacter cloacae (neglectable), Klebsiella oxytoca (neglectable)"	"Streptococcus pneumoniae, Haemophilus influenzae, Enterobacter cloacae, Klebsiella oxytoca"	Control_Unknown	Unknown	BALF	Human	na	na	NA	Zaksas	NA	NA	NA	NA	NA	NA	NA	NA	NA	NA	NA	NA	NA	NA	NA	NA	NA	NA	NA	NA	NA	NA	NA	NA	NA	NA	NA	NA	NA	NA	NA	NA	NA	NA	NA	NA	NA	NA	NA	NA	NA	NA	NA	NA	NA	NA	NA	6/29/2016	9/5/2018	na	"New York Medical College, Weihua Huang"	New York	BALF with no recorded disease	"Used the RiboCop rRNA Depletion kit and RiboZero rRNA Depletion kit, as well as mechanical homogenization"	Illumina NextSeq 550
S08	Huang	PRJNA484025	single	S8	na	"Streptococcus pneumoniae, Haemophilus influenzae, Staphylococcus epidermidis (neglectable), Enterobacter cloacae (neglectable), Klebsiella oxytoca (neglectable)"	"Streptococcus pneumoniae, Haemophilus influenzae, Staphylococcus coagulase negative, Enterobacter cloacae, Klebsiella oxytoca"	Control_Unknown	Unknown	BALF	Human	na	na	NA	Zaksas	NA	NA	NA	NA	NA	NA	NA	NA	NA	NA	NA	NA	NA	NA	NA	NA	NA	NA	NA	NA	NA	NA	NA	NA	NA	NA	NA	NA	NA	NA	NA	NA	NA	NA	NA	NA	NA	NA	NA	NA	NA	NA	NA	NA	NA	NA	NA	6/29/2016	9/5/2018	na	"New York Medical College, Weihua Huang"	New York	BALF with no recorded disease	"Used the RiboCop rRNA Depletion kit and RiboZero rRNA Depletion kit, as well as mechanical homogenization"	Illumina NextSeq 550
S09	Huang	PRJNA484025	single	S9	na	NA	Negative in respiratory bacterial culture	Control_Unknown	Unknown	BALF	Human	na	na	NA	Zaksas	NA	NA	NA	NA	NA	NA	NA	NA	NA	NA	NA	NA	NA	NA	NA	NA	NA	NA	NA	NA	NA	NA	NA	NA	NA	NA	NA	NA	NA	NA	NA	NA	NA	NA	NA	NA	NA	NA	NA	NA	NA	NA	NA	NA	NA	NA	NA	7/1/2016	9/5/2018	na	"New York Medical College, Weihua Huang"	New York	BALF with no recorded disease	"Used the RiboCop rRNA Depletion kit and RiboZero rRNA Depletion kit, as well as mechanical homogenization"	Illumina NextSeq 550
S10	Huang	PRJNA484025	single	S10	na	NA	Negative in respiratory bacterial culture	Control_Unknown	Unknown	BALF	Human	na	na	NA	Zaksas	NA	NA	NA	NA	NA	NA	NA	NA	NA	NA	NA	NA	NA	NA	NA	NA	NA	NA	NA	NA	NA	NA	NA	NA	NA	NA	NA	NA	NA	NA	NA	NA	NA	NA	NA	NA	NA	NA	NA	NA	NA	NA	NA	NA	NA	NA	NA	7/7/2016	9/5/2018	na	"New York Medical College, Weihua Huang"	New York	BALF with no recorded disease	"Used the RiboCop rRNA Depletion kit and RiboZero rRNA Depletion kit, as well as mechanical homogenization"	Illumina NextSeq 550
S11	Huang	PRJNA484025	single	S11	na	WU polyomavirus	"negative in respiratory bacterial culture, NA for WU polyomavirus"	Control_Unknown	Unknown	BALF	Human	na	na	NA	Zaksas	NA	NA	NA	NA	NA	NA	NA	NA	NA	NA	NA	NA	NA	NA	NA	NA	NA	NA	NA	NA	NA	NA	NA	NA	NA	NA	NA	NA	NA	NA	NA	NA	NA	NA	NA	NA	NA	NA	NA	NA	NA	NA	NA	NA	NA	NA	NA	7/13/2016	9/5/2018	na	"New York Medical College, Weihua Huang"	New York	BALF with no recorded disease	"Used the RiboCop rRNA Depletion kit and RiboZero rRNA Depletion kit, as well as mechanical homogenization"	Illumina NextSeq 550
S12	Huang	PRJNA484025	single	S12	na	"Staphylococcus argenteus, Staphylococcus aureus"	Staphylococcus aureus	Control_Unknown	Unknown	BALF	Human	na	na	NA	Zaksas	NA	NA	NA	NA	NA	NA	NA	NA	NA	NA	NA	NA	NA	NA	NA	NA	NA	NA	NA	NA	NA	NA	NA	NA	NA	NA	NA	NA	NA	NA	NA	NA	NA	NA	NA	NA	NA	NA	NA	NA	NA	NA	NA	NA	NA	NA	NA	7/18/2016	9/5/2018	na	"New York Medical College, Weihua Huang"	New York	BALF with no recorded disease	"Used the RiboCop rRNA Depletion kit and RiboZero rRNA Depletion kit, as well as mechanical homogenization"	Illumina NextSeq 550
S13	Huang	PRJNA484025	single	S13	na	"Staphylococcus argenteus, Staphylococcus aureus"	Staphylococcus aureus	Control_Unknown	Unknown	BALF	Human	na	na	NA	Zaksas	NA	NA	NA	NA	NA	NA	NA	NA	NA	NA	NA	NA	NA	NA	NA	NA	NA	NA	NA	NA	NA	NA	NA	NA	NA	NA	NA	NA	NA	NA	NA	NA	NA	NA	NA	NA	NA	NA	NA	NA	NA	NA	NA	NA	NA	NA	NA	7/18/2016	9/5/2018	na	"New York Medical College, Weihua Huang"	New York	BALF with no recorded disease	"Used the RiboCop rRNA Depletion kit and RiboZero rRNA Depletion kit, as well as mechanical homogenization"	Illumina NextSeq 550
S14	Huang	PRJNA484025	single	S14	na	NA	Negative in respiratory bacterial culture	Control_Unknown	Unknown	BALF	Human	na	na	NA	Zaksas	NA	NA	NA	NA	NA	NA	NA	NA	NA	NA	NA	NA	NA	NA	NA	NA	NA	NA	NA	NA	NA	NA	NA	NA	NA	NA	NA	NA	NA	NA	NA	NA	NA	NA	NA	NA	NA	NA	NA	NA	NA	NA	NA	NA	NA	NA	NA	7/20/2016	9/5/2018	na	"New York Medical College, Weihua Huang"	New York	BALF with no recorded disease	"Used the RiboCop rRNA Depletion kit and RiboZero rRNA Depletion kit, as well as mechanical homogenization"	Illumina NextSeq 550
S15	Huang	PRJNA484025	single	S15	na	Candida albicans	Candida albicans	Control_Unknown	Unknown	BALF	Human	na	na	NA	Zaksas	NA	NA	NA	NA	NA	NA	NA	NA	NA	NA	NA	NA	NA	NA	NA	NA	NA	NA	NA	NA	NA	NA	NA	NA	NA	NA	NA	NA	NA	NA	NA	NA	NA	NA	NA	NA	NA	NA	NA	NA	NA	NA	NA	NA	NA	NA	NA	7/21/2016	9/5/2018	na	"New York Medical College, Weihua Huang"	New York	BALF with no recorded disease	"Used the RiboCop rRNA Depletion kit and RiboZero rRNA Depletion kit, as well as mechanical homogenization"	Illumina NextSeq 550
S16	Huang	PRJNA484025	single	S16	na	"Achromobacter xylosoxidans, Streptococcus parasanguinis, Rothia mucilaginosa"	"Achromobacter xylosoxidans, Streptococcus species Viridans group"	Control_Unknown	Unknown	BALF	Human	na	na	NA	Zaksas	NA	NA	NA	NA	NA	NA	NA	NA	NA	NA	NA	NA	NA	NA	NA	NA	NA	NA	NA	NA	NA	NA	NA	NA	NA	NA	NA	NA	NA	NA	NA	NA	NA	NA	NA	NA	NA	NA	NA	NA	NA	NA	NA	NA	NA	NA	NA	7/22/2016	9/5/2018	na	"New York Medical College, Weihua Huang"	New York	BALF with no recorded disease	"Used the RiboCop rRNA Depletion kit and RiboZero rRNA Depletion kit, as well as mechanical homogenization"	Illumina NextSeq 550
S17	Huang	PRJNA484025	single	S17	na	"Achromobacter xylosoxidans, Entercoccus species (neglectable), Rothia mucilaginosa"	"Achromobacter xylosoxidans, Enterococcus species"	Control_Unknown	Unknown	BALF	Human	na	na	NA	Zaksas	NA	NA	NA	NA	NA	NA	NA	NA	NA	NA	NA	NA	NA	NA	NA	NA	NA	NA	NA	NA	NA	NA	NA	NA	NA	NA	NA	NA	NA	NA	NA	NA	NA	NA	NA	NA	NA	NA	NA	NA	NA	NA	NA	NA	NA	NA	NA	7/22/2016	9/5/2018	na	"New York Medical College, Weihua Huang"	New York	BALF with no recorded disease	"Used the RiboCop rRNA Depletion kit and RiboZero rRNA Depletion kit, as well as mechanical homogenization"	Illumina NextSeq 550
S18	Huang	PRJNA484025	single	S18	na	"Streptococcus species, Lactobacillus species, Rothia mucilaginosa, Veillonella parvula"	"Streptococcus species Viridans group, Lactobacillus species"	Control_Unknown	Unknown	BALF	Human	na	na	NA	Zaksas	NA	NA	NA	NA	NA	NA	NA	NA	NA	NA	NA	NA	NA	NA	NA	NA	NA	NA	NA	NA	NA	NA	NA	NA	NA	NA	NA	NA	NA	NA	NA	NA	NA	NA	NA	NA	NA	NA	NA	NA	NA	NA	NA	NA	NA	NA	NA	7/28/2016	9/5/2018	na	"New York Medical College, Weihua Huang"	New York	BALF with no recorded disease	"Used the RiboCop rRNA Depletion kit and RiboZero rRNA Depletion kit, as well as mechanical homogenization"	Illumina NextSeq 550
S19	Huang	PRJNA484025	single	S19	na	NA	Negative in respiratory bacterial culture	Control_Unknown	Unknown	BALF	Human	na	na	NA	Zaksas	NA	NA	NA	NA	NA	NA	NA	NA	NA	NA	NA	NA	NA	NA	NA	NA	NA	NA	NA	NA	NA	NA	NA	NA	NA	NA	NA	NA	NA	NA	NA	NA	NA	NA	NA	NA	NA	NA	NA	NA	NA	NA	NA	NA	NA	NA	NA	7/28/2016	9/5/2018	na	"New York Medical College, Weihua Huang"	New York	BALF with no recorded disease	"Used the RiboCop rRNA Depletion kit and RiboZero rRNA Depletion kit, as well as mechanical homogenization"	Illumina NextSeq 550
S21	Huang	PRJNA484025	single	S21	na	"Streptococcus species, Staphylococcus haemolyticus, Rothia mucilaginosa, Lactobacillus rhamnosus"	"Streptococcus species Viridans group, Staphylococcus haemolyticus, Rothia (Stomatococcus) mucilaginosa"	Control_Unknown	Unknown	BALF	Human	na	na	NA	Zaksas	NA	NA	NA	NA	NA	NA	NA	NA	NA	NA	NA	NA	NA	NA	NA	NA	NA	NA	NA	NA	NA	NA	NA	NA	NA	NA	NA	NA	NA	NA	NA	NA	NA	NA	NA	NA	NA	NA	NA	NA	NA	NA	NA	NA	NA	NA	NA	7/28/2016	9/5/2018	na	"New York Medical College, Weihua Huang"	New York	BALF with no recorded disease	"Used the RiboCop rRNA Depletion kit and RiboZero rRNA Depletion kit, as well as mechanical homogenization"	Illumina NextSeq 550
S22	Huang	PRJNA484025	single	S22	na	"Streptococcus species, Neisseria species (neglectable), Haemophilus parainfluenzae (neglectable)"	"Streptococcus species Viridans group, Neisseria species, Haemophilus parainfluenzae"	Control_Unknown	Unknown	BALF	Human	na	na	NA	Zaksas	NA	NA	NA	NA	NA	NA	NA	NA	NA	NA	NA	NA	NA	NA	NA	NA	NA	NA	NA	NA	NA	NA	NA	NA	NA	NA	NA	NA	NA	NA	NA	NA	NA	NA	NA	NA	NA	NA	NA	NA	NA	NA	NA	NA	NA	NA	NA	8/3/2016	9/5/2018	na	"New York Medical College, Weihua Huang"	New York	BALF with no recorded disease	"Used the RiboCop rRNA Depletion kit and RiboZero rRNA Depletion kit, as well as mechanical homogenization"	Illumina NextSeq 550
